2025-11-12 00:30:20 - __main__ - INFO - Logging to file: logs/bot_20251112.log
2025-11-12 00:30:20 - __main__ - INFO - ============================================================
2025-11-12 00:30:20 - __main__ - INFO - Binance Futures Trading Bot Starting...
2025-11-12 00:30:20 - __main__ - INFO - ============================================================
2025-11-12 00:30:20 - __main__ - INFO - Initializing bot...
2025-11-12 00:30:21 - __main__ - INFO - Connected to Binance Futures
2025-11-12 00:30:21 - __main__ - INFO - Account Balance: $17.33 USDT
2025-11-12 00:30:21 - __main__ - INFO - Set 5x leverage for INJUSDT
2025-11-12 00:30:22 - __main__ - INFO - Set 5x leverage for BNBUSDT
2025-11-12 00:30:23 - __main__ - INFO - Set 5x leverage for SOLUSDT
2025-11-12 00:30:24 - __main__ - INFO - Set 5x leverage for ROSEUSDT
2025-11-12 00:30:24 - __main__ - INFO - Set 5x leverage for XRPUSDT
2025-11-12 00:30:25 - __main__ - INFO - Bot initialized successfully
2025-11-12 00:30:25 - __main__ - INFO - Trading pairs: INJUSDT, BNBUSDT, SOLUSDT, ROSEUSDT, XRPUSDT
2025-11-12 00:30:25 - __main__ - INFO - Timeframe: 15m
2025-11-12 00:30:25 - __main__ - INFO - Max positions: 5
2025-11-12 00:30:25 - __main__ - INFO - Daily profit target: 5%
2025-11-12 00:30:25 - __main__ - INFO - Max daily loss: 3%
2025-11-12 00:30:25 - __main__ - INFO - ============================================================
2025-11-12 00:30:25 - __main__ - INFO - Bot is now running. Press Ctrl+C to stop.
2025-11-12 00:30:26 - __main__ - INFO - INJUSDT: SHORT signal (strength: 40, valid: True) - MACD bearish crossover, Price below SAR, Bears power dominant
2025-11-12 00:30:27 - __main__ - INFO - BNBUSDT: SHORT signal (strength: 40, valid: True) - RSI oversold (23.4), Stochastic oversold crossover, Strong downtrend (EMA alignment)
2025-11-12 00:30:27 - __main__ - INFO - SOLUSDT: SHORT signal (strength: 40, valid: True) - RSI oversold (26.3), Stochastic oversold crossover, Strong downtrend (EMA alignment)
2025-11-12 00:30:27 - __main__ - INFO - ROSEUSDT: SHORT signal (strength: 40, valid: True) - RSI oversold (11.5), Strong downtrend (EMA alignment), Price below SAR
2025-11-12 00:30:28 - __main__ - INFO - XRPUSDT: SHORT signal (strength: 40, valid: True) - Strong downtrend (EMA alignment), Price below SAR, AO bearish
2025-11-12 00:30:28 - __main__ - INFO - INJUSDT: Opening SHORT position...
2025-11-12 00:30:32 - __main__ - INFO - INJUSDT: Position opened successfully!
2025-11-12 00:30:32 - __main__ - INFO -   Entry: $7.72
2025-11-12 00:30:32 - __main__ - INFO -   Quantity: 1.1000
2025-11-12 00:30:32 - __main__ - INFO -   Stop Loss: $7.84
2025-11-12 00:30:32 - __main__ - INFO -   Take Profits:
2025-11-12 00:30:32 - __main__ - INFO -     TP1: $7.66 (0.8%) - Close 100%
2025-11-12 00:30:32 - __main__ - INFO - BNBUSDT: Opening SHORT position...
2025-11-12 00:30:32 - __main__ - WARNING - BNBUSDT: Failed to open position - Position size too small (min notional: $5.0)
2025-11-12 00:30:33 - __main__ - INFO - SOLUSDT: Opening SHORT position...
2025-11-12 00:30:36 - __main__ - INFO - SOLUSDT: Position opened successfully!
2025-11-12 00:30:36 - __main__ - INFO -   Entry: $157.20
2025-11-12 00:30:36 - __main__ - INFO -   Quantity: 0.0500
2025-11-12 00:30:36 - __main__ - INFO -   Stop Loss: $158.59
2025-11-12 00:30:36 - __main__ - INFO -   Take Profits:
2025-11-12 00:30:36 - __main__ - INFO -     TP1: $156.01 (0.8%) - Close 100%
2025-11-12 00:30:37 - __main__ - INFO - ROSEUSDT: Opening SHORT position...
2025-11-12 00:30:40 - __main__ - INFO - ROSEUSDT: Position opened successfully!
2025-11-12 00:30:40 - __main__ - INFO -   Entry: $0.02
2025-11-12 00:30:40 - __main__ - INFO -   Quantity: 425.0000
2025-11-12 00:30:40 - __main__ - INFO -   Stop Loss: $0.02
2025-11-12 00:30:40 - __main__ - INFO -   Take Profits:
2025-11-12 00:30:40 - __main__ - INFO -     TP1: $0.02 (0.8%) - Close 100%
2025-11-12 00:30:41 - __main__ - INFO - XRPUSDT: Opening SHORT position...
2025-11-12 00:30:44 - __main__ - INFO - XRPUSDT: Position opened successfully!
2025-11-12 00:30:44 - __main__ - INFO -   Entry: $2.41
2025-11-12 00:30:44 - __main__ - INFO -   Quantity: 3.5000
2025-11-12 00:30:44 - __main__ - INFO -   Stop Loss: $2.43
2025-11-12 00:30:44 - __main__ - INFO -   Take Profits:
2025-11-12 00:30:44 - __main__ - INFO -     TP1: $2.39 (0.8%) - Close 100%
2025-11-12 00:30:44 - __main__ - INFO - Waiting 60 seconds...
2025-11-12 00:31:47 - __main__ - INFO - Waiting 60 seconds...
2025-11-12 00:32:49 - __main__ - INFO - Waiting 60 seconds...
2025-11-12 00:33:52 - __main__ - INFO - INJUSDT: TP1 hit! Closed 100% | PnL: $0.07 (0.79%)
2025-11-12 00:33:53 - __main__ - INFO - Waiting 60 seconds...
2025-11-12 00:34:57 - __main__ - INFO - ============================================================
2025-11-12 00:34:57 - __main__ - INFO - Bot Status - Iteration #5
2025-11-12 00:34:57 - __main__ - INFO - Time: 2025-11-12 00:34:57
2025-11-12 00:34:57 - __main__ - INFO - ------------------------------------------------------------
2025-11-12 00:34:57 - __main__ - INFO - Balance: $17.37 USDT
2025-11-12 00:34:57 - __main__ - INFO - Daily PnL: $0.05 (0.28%)
2025-11-12 00:34:57 - __main__ - INFO - Daily Trades: 0
2025-11-12 00:34:57 - __main__ - INFO - Total Trades: 1
2025-11-12 00:34:57 - __main__ - INFO - Win Rate: 100.0%
2025-11-12 00:34:57 - __main__ - INFO - Drawdown: -0.28%
2025-11-12 00:34:57 - __main__ - INFO - ------------------------------------------------------------
2025-11-12 00:34:57 - __main__ - INFO - Active Positions: 3
2025-11-12 00:34:57 - __main__ - INFO -   SOLUSDT: SHORT | Entry: $157.20 | Current: $156.76 | PnL: +0.28% | TP: 0/1
2025-11-12 00:34:57 - __main__ - INFO -   ROSEUSDT: SHORT | Entry: $0.02 | Current: $0.02 | PnL: +0.69% | TP: 0/1
2025-11-12 00:34:57 - __main__ - INFO -   XRPUSDT: SHORT | Entry: $2.41 | Current: $2.40 | PnL: +0.41% | TP: 0/1
2025-11-12 00:34:57 - __main__ - INFO - ============================================================
2025-11-12 00:34:57 - __main__ - INFO - Waiting 60 seconds...
2025-11-12 00:35:59 - __main__ - INFO - Waiting 60 seconds...
2025-11-12 00:37:02 - __main__ - INFO - Waiting 60 seconds...
2025-11-12 00:38:04 - __main__ - INFO - Waiting 60 seconds...
2025-11-12 00:39:07 - __main__ - INFO - ROSEUSDT: TP1 hit! Closed 100% | PnL: $0.07 (0.84%)
2025-11-12 00:39:08 - __main__ - INFO - Waiting 60 seconds...
2025-11-12 00:40:12 - __main__ - INFO - ============================================================
2025-11-12 00:40:12 - __main__ - INFO - Bot Status - Iteration #10
2025-11-12 00:40:12 - __main__ - INFO - Time: 2025-11-12 00:40:12
2025-11-12 00:40:12 - __main__ - INFO - ------------------------------------------------------------
2025-11-12 00:40:12 - __main__ - INFO - Balance: $17.43 USDT
2025-11-12 00:40:12 - __main__ - INFO - Daily PnL: $0.11 (0.62%)
2025-11-12 00:40:12 - __main__ - INFO - Daily Trades: 0
2025-11-12 00:40:12 - __main__ - INFO - Total Trades: 2
2025-11-12 00:40:12 - __main__ - INFO - Win Rate: 100.0%
2025-11-12 00:40:12 - __main__ - INFO - Drawdown: -0.62%
2025-11-12 00:40:12 - __main__ - INFO - ------------------------------------------------------------
2025-11-12 00:40:12 - __main__ - INFO - Active Positions: 2
2025-11-12 00:40:12 - __main__ - INFO -   SOLUSDT: SHORT | Entry: $157.20 | Current: $156.68 | PnL: +0.33% | TP: 0/1
2025-11-12 00:40:12 - __main__ - INFO -   XRPUSDT: SHORT | Entry: $2.41 | Current: $2.40 | PnL: +0.36% | TP: 0/1
2025-11-12 00:40:12 - __main__ - INFO - ============================================================
2025-11-12 00:40:12 - __main__ - INFO - Waiting 60 seconds...
2025-11-12 00:41:14 - __main__ - INFO - Waiting 60 seconds...
2025-11-12 00:42:17 - __main__ - INFO - Waiting 60 seconds...
2025-11-12 00:43:19 - __main__ - INFO - Waiting 60 seconds...
2025-11-12 00:44:22 - __main__ - INFO - Waiting 60 seconds...
2025-11-12 00:45:25 - __main__ - INFO - ============================================================
2025-11-12 00:45:25 - __main__ - INFO - Bot Status - Iteration #15
2025-11-12 00:45:25 - __main__ - INFO - Time: 2025-11-12 00:45:25
2025-11-12 00:45:25 - __main__ - INFO - ------------------------------------------------------------
2025-11-12 00:45:25 - __main__ - INFO - Balance: $17.43 USDT
2025-11-12 00:45:25 - __main__ - INFO - Daily PnL: $0.11 (0.62%)
2025-11-12 00:45:25 - __main__ - INFO - Daily Trades: 0
2025-11-12 00:45:25 - __main__ - INFO - Total Trades: 2
2025-11-12 00:45:25 - __main__ - INFO - Win Rate: 100.0%
2025-11-12 00:45:25 - __main__ - INFO - Drawdown: -0.62%
2025-11-12 00:45:25 - __main__ - INFO - ------------------------------------------------------------
2025-11-12 00:45:25 - __main__ - INFO - Active Positions: 2
2025-11-12 00:45:25 - __main__ - INFO -   SOLUSDT: SHORT | Entry: $157.20 | Current: $156.56 | PnL: +0.41% | TP: 0/1
2025-11-12 00:45:25 - __main__ - INFO -   XRPUSDT: SHORT | Entry: $2.41 | Current: $2.40 | PnL: +0.44% | TP: 0/1
2025-11-12 00:45:25 - __main__ - INFO - ============================================================
2025-11-12 00:45:25 - __main__ - INFO - Waiting 60 seconds...
2025-11-12 00:46:27 - __main__ - INFO - BNBUSDT: SHORT signal (strength: 40, valid: True) - RSI oversold (23.2), Stochastic oversold crossover, Strong downtrend (EMA alignment)
2025-11-12 00:46:27 - __main__ - INFO - SOLUSDT: SHORT signal (strength: 40, valid: True) - RSI oversold (25.2), Strong downtrend (EMA alignment), Price below SAR
2025-11-12 00:46:28 - __main__ - INFO - ROSEUSDT: SHORT signal (strength: 40, valid: True) - RSI oversold (12.3), Strong downtrend (EMA alignment), Price below SAR
2025-11-12 00:46:28 - __main__ - INFO - XRPUSDT: SHORT signal (strength: 40, valid: True) - Price at lower Bollinger Band, Strong downtrend (EMA alignment), Price below SAR
2025-11-12 00:46:28 - __main__ - INFO - BNBUSDT: Opening SHORT position...
2025-11-12 00:46:29 - __main__ - WARNING - BNBUSDT: Failed to open position - Position size too small (min notional: $5.0)
2025-11-12 00:46:29 - __main__ - INFO - SOLUSDT: Cannot open position - Already have open position in SOLUSDT
2025-11-12 00:46:30 - __main__ - INFO - ROSEUSDT: Opening SHORT position...
2025-11-12 00:46:33 - __main__ - INFO - ROSEUSDT: Position opened successfully!
2025-11-12 00:46:33 - __main__ - INFO -   Entry: $0.02
2025-11-12 00:46:33 - __main__ - INFO -   Quantity: 433.0000
2025-11-12 00:46:33 - __main__ - INFO -   Stop Loss: $0.02
2025-11-12 00:46:33 - __main__ - INFO -   Take Profits:
2025-11-12 00:46:33 - __main__ - INFO -     TP1: $0.02 (0.8%) - Close 100%
2025-11-12 00:46:33 - __main__ - INFO - XRPUSDT: Cannot open position - Already have open position in XRPUSDT
2025-11-12 00:46:33 - __main__ - INFO - Waiting 60 seconds...
2025-11-12 00:47:36 - __main__ - INFO - Waiting 60 seconds...
2025-11-12 00:48:39 - __main__ - INFO - Waiting 60 seconds...
2025-11-12 00:49:41 - __main__ - INFO - Waiting 60 seconds...
2025-11-12 00:50:45 - __main__ - INFO - ============================================================
2025-11-12 00:50:45 - __main__ - INFO - Bot Status - Iteration #20
2025-11-12 00:50:45 - __main__ - INFO - Time: 2025-11-12 00:50:45
2025-11-12 00:50:45 - __main__ - INFO - ------------------------------------------------------------
2025-11-12 00:50:45 - __main__ - INFO - Balance: $17.43 USDT
2025-11-12 00:50:45 - __main__ - INFO - Daily PnL: $0.10 (0.60%)
2025-11-12 00:50:45 - __main__ - INFO - Daily Trades: 0
2025-11-12 00:50:45 - __main__ - INFO - Total Trades: 2
2025-11-12 00:50:45 - __main__ - INFO - Win Rate: 100.0%
2025-11-12 00:50:45 - __main__ - INFO - Drawdown: -0.60%
2025-11-12 00:50:45 - __main__ - INFO - ------------------------------------------------------------
2025-11-12 00:50:45 - __main__ - INFO - Active Positions: 3
2025-11-12 00:50:45 - __main__ - INFO -   SOLUSDT: SHORT | Entry: $157.20 | Current: $156.71 | PnL: +0.31% | TP: 0/1
2025-11-12 00:50:45 - __main__ - INFO -   XRPUSDT: SHORT | Entry: $2.41 | Current: $2.41 | PnL: +0.31% | TP: 0/1
2025-11-12 00:50:45 - __main__ - INFO -   ROSEUSDT: SHORT | Entry: $0.02 | Current: $0.02 | PnL: -0.05% | TP: 0/1
2025-11-12 00:50:45 - __main__ - INFO - ============================================================
2025-11-12 00:50:45 - __main__ - INFO - Waiting 60 seconds...
2025-11-12 00:51:48 - __main__ - INFO - Waiting 60 seconds...
2025-11-12 00:52:50 - __main__ - INFO - Waiting 60 seconds...
2025-11-12 00:53:53 - __main__ - INFO - Waiting 60 seconds...
2025-11-12 00:54:55 - __main__ - INFO - Waiting 60 seconds...
2025-11-12 00:55:59 - __main__ - INFO - ============================================================
2025-11-12 00:55:59 - __main__ - INFO - Bot Status - Iteration #25
2025-11-12 00:55:59 - __main__ - INFO - Time: 2025-11-12 00:55:59
2025-11-12 00:55:59 - __main__ - INFO - ------------------------------------------------------------
2025-11-12 00:55:59 - __main__ - INFO - Balance: $17.43 USDT
2025-11-12 00:55:59 - __main__ - INFO - Daily PnL: $0.10 (0.60%)
2025-11-12 00:55:59 - __main__ - INFO - Daily Trades: 0
2025-11-12 00:55:59 - __main__ - INFO - Total Trades: 2
2025-11-12 00:55:59 - __main__ - INFO - Win Rate: 100.0%
2025-11-12 00:55:59 - __main__ - INFO - Drawdown: -0.60%
2025-11-12 00:55:59 - __main__ - INFO - ------------------------------------------------------------
2025-11-12 00:55:59 - __main__ - INFO - Active Positions: 3
2025-11-12 00:55:59 - __main__ - INFO -   SOLUSDT: SHORT | Entry: $157.20 | Current: $156.60 | PnL: +0.38% | TP: 0/1
2025-11-12 00:55:59 - __main__ - INFO -   XRPUSDT: SHORT | Entry: $2.41 | Current: $2.40 | PnL: +0.46% | TP: 0/1
2025-11-12 00:55:59 - __main__ - INFO -   ROSEUSDT: SHORT | Entry: $0.02 | Current: $0.02 | PnL: +0.40% | TP: 0/1
2025-11-12 00:55:59 - __main__ - INFO - ============================================================
2025-11-12 00:55:59 - __main__ - INFO - Waiting 60 seconds...
2025-11-12 00:57:02 - __main__ - INFO - Waiting 60 seconds...
2025-11-12 00:58:04 - __main__ - INFO - Waiting 60 seconds...
2025-11-12 00:59:07 - __main__ - INFO - Waiting 60 seconds...
2025-11-12 01:00:08 - __main__ - INFO - INJUSDT: SHORT signal (strength: 40, valid: True) - Strong downtrend (EMA alignment), Price below SAR, AO bearish
2025-11-12 01:00:10 - __main__ - INFO - INJUSDT: Opening SHORT position...
2025-11-12 01:00:14 - __main__ - INFO - INJUSDT: Position opened successfully!
2025-11-12 01:00:14 - __main__ - INFO -   Entry: $7.66
2025-11-12 01:00:14 - __main__ - INFO -   Quantity: 1.1000
2025-11-12 01:00:14 - __main__ - INFO -   Stop Loss: $7.76
2025-11-12 01:00:14 - __main__ - INFO -   Take Profits:
2025-11-12 01:00:14 - __main__ - INFO -     TP1: $7.59 (0.8%) - Close 100%
2025-11-12 01:00:14 - __main__ - INFO - Waiting 60 seconds...
2025-11-12 01:01:18 - __main__ - INFO - ============================================================
2025-11-12 01:01:18 - __main__ - INFO - Bot Status - Iteration #30
2025-11-12 01:01:18 - __main__ - INFO - Time: 2025-11-12 01:01:18
2025-11-12 01:01:18 - __main__ - INFO - ------------------------------------------------------------
2025-11-12 01:01:18 - __main__ - INFO - Balance: $17.43 USDT
2025-11-12 01:01:18 - __main__ - INFO - Daily PnL: $0.10 (0.57%)
2025-11-12 01:01:18 - __main__ - INFO - Daily Trades: 0
2025-11-12 01:01:18 - __main__ - INFO - Total Trades: 2
2025-11-12 01:01:18 - __main__ - INFO - Win Rate: 100.0%
2025-11-12 01:01:18 - __main__ - INFO - Drawdown: -0.57%
2025-11-12 01:01:18 - __main__ - INFO - ------------------------------------------------------------
2025-11-12 01:01:18 - __main__ - INFO - Active Positions: 4
2025-11-12 01:01:18 - __main__ - INFO -   SOLUSDT: SHORT | Entry: $157.20 | Current: $157.00 | PnL: +0.13% | TP: 0/1
2025-11-12 01:01:18 - __main__ - INFO -   XRPUSDT: SHORT | Entry: $2.41 | Current: $2.41 | PnL: +0.00% | TP: 0/1
2025-11-12 01:01:18 - __main__ - INFO -   ROSEUSDT: SHORT | Entry: $0.02 | Current: $0.02 | PnL: 0.00% | TP: 0/1
2025-11-12 01:01:18 - __main__ - INFO -   INJUSDT: SHORT | Entry: $7.66 | Current: $7.68 | PnL: -0.31% | TP: 0/1
2025-11-12 01:01:18 - __main__ - INFO - ============================================================
2025-11-12 01:01:18 - __main__ - INFO - Waiting 60 seconds...
2025-11-12 01:02:20 - __main__ - INFO - SOLUSDT: SHORT signal (strength: 40, valid: True) - Stochastic oversold crossover, Strong downtrend (EMA alignment), Price below SAR
2025-11-12 01:02:20 - __main__ - INFO - ROSEUSDT: SHORT signal (strength: 40, valid: True) - RSI oversold (14.4), Stochastic oversold crossover, Strong downtrend (EMA alignment)
2025-11-12 01:02:20 - __main__ - INFO - SOLUSDT: Cannot open position - Already have open position in SOLUSDT
2025-11-12 01:02:21 - __main__ - INFO - ROSEUSDT: Cannot open position - Already have open position in ROSEUSDT
2025-11-12 01:02:21 - __main__ - INFO - Waiting 60 seconds...
2025-11-12 01:03:23 - __main__ - INFO - Waiting 60 seconds...
2025-11-12 01:04:26 - __main__ - INFO - Waiting 60 seconds...
2025-11-12 01:05:29 - __main__ - INFO - Waiting 60 seconds...
2025-11-12 01:06:32 - __main__ - INFO - ============================================================
2025-11-12 01:06:32 - __main__ - INFO - Bot Status - Iteration #35
2025-11-12 01:06:32 - __main__ - INFO - Time: 2025-11-12 01:06:32
2025-11-12 01:06:32 - __main__ - INFO - ------------------------------------------------------------
2025-11-12 01:06:32 - __main__ - INFO - Balance: $17.43 USDT
2025-11-12 01:06:32 - __main__ - INFO - Daily PnL: $0.10 (0.57%)
2025-11-12 01:06:32 - __main__ - INFO - Daily Trades: 0
2025-11-12 01:06:32 - __main__ - INFO - Total Trades: 2
2025-11-12 01:06:32 - __main__ - INFO - Win Rate: 100.0%
2025-11-12 01:06:32 - __main__ - INFO - Drawdown: -0.57%
2025-11-12 01:06:32 - __main__ - INFO - ------------------------------------------------------------
2025-11-12 01:06:32 - __main__ - INFO - Active Positions: 4
2025-11-12 01:06:32 - __main__ - INFO -   SOLUSDT: SHORT | Entry: $157.20 | Current: $156.87 | PnL: +0.21% | TP: 0/1
2025-11-12 01:06:32 - __main__ - INFO -   XRPUSDT: SHORT | Entry: $2.41 | Current: $2.41 | PnL: +0.30% | TP: 0/1
2025-11-12 01:06:32 - __main__ - INFO -   ROSEUSDT: SHORT | Entry: $0.02 | Current: $0.02 | PnL: 0.00% | TP: 0/1
2025-11-12 01:06:32 - __main__ - INFO -   INJUSDT: SHORT | Entry: $7.66 | Current: $7.68 | PnL: -0.25% | TP: 0/1
2025-11-12 01:06:32 - __main__ - INFO - ============================================================
2025-11-12 01:06:32 - __main__ - INFO - Waiting 60 seconds...
2025-11-12 01:07:35 - __main__ - INFO - Waiting 60 seconds...
2025-11-12 01:08:38 - __main__ - INFO - Waiting 60 seconds...
2025-11-12 01:09:40 - __main__ - INFO - Waiting 60 seconds...
2025-11-12 01:10:43 - __main__ - INFO - Waiting 60 seconds...
2025-11-12 01:11:47 - __main__ - INFO - ============================================================
2025-11-12 01:11:47 - __main__ - INFO - Bot Status - Iteration #40
2025-11-12 01:11:47 - __main__ - INFO - Time: 2025-11-12 01:11:47
2025-11-12 01:11:47 - __main__ - INFO - ------------------------------------------------------------
2025-11-12 01:11:47 - __main__ - INFO - Balance: $17.43 USDT
2025-11-12 01:11:47 - __main__ - INFO - Daily PnL: $0.10 (0.57%)
2025-11-12 01:11:47 - __main__ - INFO - Daily Trades: 0
2025-11-12 01:11:47 - __main__ - INFO - Total Trades: 2
2025-11-12 01:11:47 - __main__ - INFO - Win Rate: 100.0%
2025-11-12 01:11:47 - __main__ - INFO - Drawdown: -0.57%
2025-11-12 01:11:47 - __main__ - INFO - ------------------------------------------------------------
2025-11-12 01:11:47 - __main__ - INFO - Active Positions: 4
2025-11-12 01:11:47 - __main__ - INFO -   SOLUSDT: SHORT | Entry: $157.20 | Current: $157.09 | PnL: +0.07% | TP: 0/1
2025-11-12 01:11:47 - __main__ - INFO -   XRPUSDT: SHORT | Entry: $2.41 | Current: $2.41 | PnL: +0.15% | TP: 0/1
2025-11-12 01:11:47 - __main__ - INFO -   ROSEUSDT: SHORT | Entry: $0.02 | Current: $0.02 | PnL: -0.40% | TP: 0/1
2025-11-12 01:11:47 - __main__ - INFO -   INJUSDT: SHORT | Entry: $7.66 | Current: $7.70 | PnL: -0.50% | TP: 0/1
2025-11-12 01:11:47 - __main__ - INFO - ============================================================
2025-11-12 01:11:47 - __main__ - INFO - Waiting 60 seconds...
2025-11-12 01:12:49 - __main__ - INFO - Waiting 60 seconds...
2025-11-12 01:13:52 - __main__ - INFO - Waiting 60 seconds...
2025-11-12 01:14:54 - __main__ - INFO - Waiting 60 seconds...
2025-11-12 01:15:56 - __main__ - INFO - INJUSDT: SHORT signal (strength: 40, valid: True) - Stochastic oversold crossover, Strong downtrend (EMA alignment), Price below SAR
2025-11-12 01:15:57 - __main__ - INFO - INJUSDT: Cannot open position - Already have open position in INJUSDT
2025-11-12 01:15:57 - __main__ - INFO - Waiting 60 seconds...
2025-11-12 01:17:01 - __main__ - INFO - ============================================================
2025-11-12 01:17:01 - __main__ - INFO - Bot Status - Iteration #45
2025-11-12 01:17:01 - __main__ - INFO - Time: 2025-11-12 01:17:01
2025-11-12 01:17:01 - __main__ - INFO - ------------------------------------------------------------
2025-11-12 01:17:01 - __main__ - INFO - Balance: $17.43 USDT
2025-11-12 01:17:01 - __main__ - INFO - Daily PnL: $0.10 (0.57%)
2025-11-12 01:17:01 - __main__ - INFO - Daily Trades: 0
2025-11-12 01:17:01 - __main__ - INFO - Total Trades: 2
2025-11-12 01:17:01 - __main__ - INFO - Win Rate: 100.0%
2025-11-12 01:17:01 - __main__ - INFO - Drawdown: -0.57%
2025-11-12 01:17:01 - __main__ - INFO - ------------------------------------------------------------
2025-11-12 01:17:01 - __main__ - INFO - Active Positions: 4
2025-11-12 01:17:01 - __main__ - INFO -   SOLUSDT: SHORT | Entry: $157.20 | Current: $157.12 | PnL: +0.05% | TP: 0/1
2025-11-12 01:17:01 - __main__ - INFO -   XRPUSDT: SHORT | Entry: $2.41 | Current: $2.40 | PnL: +0.36% | TP: 0/1
2025-11-12 01:17:01 - __main__ - INFO -   ROSEUSDT: SHORT | Entry: $0.02 | Current: $0.02 | PnL: -0.25% | TP: 0/1
2025-11-12 01:17:01 - __main__ - INFO -   INJUSDT: SHORT | Entry: $7.66 | Current: $7.66 | PnL: -0.03% | TP: 0/1
2025-11-12 01:17:01 - __main__ - INFO - ============================================================
2025-11-12 01:17:01 - __main__ - INFO - Waiting 60 seconds...
2025-11-12 01:18:03 - __main__ - INFO - ROSEUSDT: SHORT signal (strength: 40, valid: True) - RSI oversold (17.4), Stochastic oversold crossover, Strong downtrend (EMA alignment)
2025-11-12 01:18:04 - __main__ - INFO - ROSEUSDT: Cannot open position - Already have open position in ROSEUSDT
2025-11-12 01:18:04 - __main__ - INFO - Waiting 60 seconds...
2025-11-12 01:19:07 - __main__ - INFO - Waiting 60 seconds...
2025-11-12 01:20:09 - __main__ - INFO - Waiting 60 seconds...
2025-11-12 01:21:12 - __main__ - INFO - Waiting 60 seconds...
2025-11-12 01:22:16 - __main__ - INFO - ============================================================
2025-11-12 01:22:16 - __main__ - INFO - Bot Status - Iteration #50
2025-11-12 01:22:16 - __main__ - INFO - Time: 2025-11-12 01:22:16
2025-11-12 01:22:16 - __main__ - INFO - ------------------------------------------------------------
2025-11-12 01:22:16 - __main__ - INFO - Balance: $17.43 USDT
2025-11-12 01:22:16 - __main__ - INFO - Daily PnL: $0.10 (0.57%)
2025-11-12 01:22:16 - __main__ - INFO - Daily Trades: 0
2025-11-12 01:22:16 - __main__ - INFO - Total Trades: 2
2025-11-12 01:22:16 - __main__ - INFO - Win Rate: 100.0%
2025-11-12 01:22:16 - __main__ - INFO - Drawdown: -0.57%
2025-11-12 01:22:16 - __main__ - INFO - ------------------------------------------------------------
2025-11-12 01:22:16 - __main__ - INFO - Active Positions: 4
2025-11-12 01:22:16 - __main__ - INFO -   SOLUSDT: SHORT | Entry: $157.20 | Current: $157.13 | PnL: +0.04% | TP: 0/1
2025-11-12 01:22:16 - __main__ - INFO -   XRPUSDT: SHORT | Entry: $2.41 | Current: $2.40 | PnL: +0.36% | TP: 0/1
2025-11-12 01:22:16 - __main__ - INFO -   ROSEUSDT: SHORT | Entry: $0.02 | Current: $0.02 | PnL: -0.55% | TP: 0/1
2025-11-12 01:22:16 - __main__ - INFO -   INJUSDT: SHORT | Entry: $7.66 | Current: $7.67 | PnL: -0.17% | TP: 0/1
2025-11-12 01:22:16 - __main__ - INFO - ============================================================
2025-11-12 01:22:16 - __main__ - INFO - Waiting 60 seconds...
2025-11-12 01:23:19 - __main__ - INFO - Waiting 60 seconds...
2025-11-12 01:24:22 - __main__ - INFO - Waiting 60 seconds...
2025-11-12 01:25:25 - __main__ - INFO - Waiting 60 seconds...
2025-11-12 01:26:27 - __main__ - INFO - Waiting 60 seconds...
2025-11-12 01:27:31 - __main__ - INFO - ============================================================
2025-11-12 01:27:31 - __main__ - INFO - Bot Status - Iteration #55
2025-11-12 01:27:31 - __main__ - INFO - Time: 2025-11-12 01:27:31
2025-11-12 01:27:31 - __main__ - INFO - ------------------------------------------------------------
2025-11-12 01:27:31 - __main__ - INFO - Balance: $17.43 USDT
2025-11-12 01:27:31 - __main__ - INFO - Daily PnL: $0.10 (0.57%)
2025-11-12 01:27:31 - __main__ - INFO - Daily Trades: 0
2025-11-12 01:27:31 - __main__ - INFO - Total Trades: 2
2025-11-12 01:27:31 - __main__ - INFO - Win Rate: 100.0%
2025-11-12 01:27:31 - __main__ - INFO - Drawdown: -0.57%
2025-11-12 01:27:31 - __main__ - INFO - ------------------------------------------------------------
2025-11-12 01:27:31 - __main__ - INFO - Active Positions: 4
2025-11-12 01:27:31 - __main__ - INFO -   SOLUSDT: SHORT | Entry: $157.20 | Current: $157.14 | PnL: +0.04% | TP: 0/1
2025-11-12 01:27:31 - __main__ - INFO -   XRPUSDT: SHORT | Entry: $2.41 | Current: $2.40 | PnL: +0.49% | TP: 0/1
2025-11-12 01:27:31 - __main__ - INFO -   ROSEUSDT: SHORT | Entry: $0.02 | Current: $0.02 | PnL: -0.40% | TP: 0/1
2025-11-12 01:27:31 - __main__ - INFO -   INJUSDT: SHORT | Entry: $7.66 | Current: $7.65 | PnL: +0.17% | TP: 0/1
2025-11-12 01:27:31 - __main__ - INFO - ============================================================
2025-11-12 01:27:31 - __main__ - INFO - Waiting 60 seconds...
2025-11-12 01:28:34 - __main__ - INFO - Waiting 60 seconds...
2025-11-12 01:29:36 - __main__ - INFO - Waiting 60 seconds...
2025-11-12 01:30:39 - __main__ - INFO - Waiting 60 seconds...
2025-11-12 01:31:40 - __main__ - INFO - INJUSDT: SHORT signal (strength: 40, valid: True) - Strong downtrend (EMA alignment), Price below SAR, AO bearish
2025-11-12 01:31:41 - __main__ - INFO - XRPUSDT: SHORT signal (strength: 40, valid: True) - RSI oversold (25.4), Strong downtrend (EMA alignment), Price below SAR
2025-11-12 01:31:42 - __main__ - INFO - INJUSDT: Cannot open position - Already have open position in INJUSDT
2025-11-12 01:31:42 - __main__ - INFO - XRPUSDT: Cannot open position - Already have open position in XRPUSDT
2025-11-12 01:31:42 - __main__ - INFO - Waiting 60 seconds...
2025-11-12 01:32:44 - __main__ - INFO - INJUSDT: TP1 hit! Closed 100% | PnL: $0.11 (1.32%)
2025-11-12 01:32:47 - __main__ - INFO - ============================================================
2025-11-12 01:32:47 - __main__ - INFO - Bot Status - Iteration #60
2025-11-12 01:32:47 - __main__ - INFO - Time: 2025-11-12 01:32:47
2025-11-12 01:32:47 - __main__ - INFO - ------------------------------------------------------------
2025-11-12 01:32:47 - __main__ - INFO - Balance: $17.53 USDT
2025-11-12 01:32:47 - __main__ - INFO - Daily PnL: $0.21 (1.20%)
2025-11-12 01:32:47 - __main__ - INFO - Daily Trades: 0
2025-11-12 01:32:47 - __main__ - INFO - Total Trades: 3
2025-11-12 01:32:47 - __main__ - INFO - Win Rate: 100.0%
2025-11-12 01:32:47 - __main__ - INFO - Drawdown: -1.20%
2025-11-12 01:32:47 - __main__ - INFO - ------------------------------------------------------------
2025-11-12 01:32:47 - __main__ - INFO - Active Positions: 3
2025-11-12 01:32:47 - __main__ - INFO -   SOLUSDT: SHORT | Entry: $157.20 | Current: $156.47 | PnL: +0.46% | TP: 0/1
2025-11-12 01:32:47 - __main__ - INFO -   XRPUSDT: SHORT | Entry: $2.41 | Current: $2.39 | PnL: +0.79% | TP: 0/1
2025-11-12 01:32:47 - __main__ - INFO -   ROSEUSDT: SHORT | Entry: $0.02 | Current: $0.02 | PnL: +0.25% | TP: 0/1
2025-11-12 01:32:47 - __main__ - INFO - ============================================================
2025-11-12 01:32:47 - __main__ - INFO - Waiting 60 seconds...
2025-11-12 01:33:49 - __main__ - INFO - ROSEUSDT: SHORT signal (strength: 40, valid: True) - RSI oversold (21.6), Stochastic oversold crossover, Strong downtrend (EMA alignment)
2025-11-12 01:33:49 - __main__ - INFO - ROSEUSDT: Cannot open position - Already have open position in ROSEUSDT
2025-11-12 01:33:49 - __main__ - INFO - Waiting 60 seconds...
2025-11-12 01:34:52 - __main__ - INFO - Waiting 60 seconds...
2025-11-12 01:35:55 - __main__ - INFO - Waiting 60 seconds...
2025-11-12 01:36:57 - __main__ - INFO - SOLUSDT: LONG signal (strength: 45, valid: True) - RSI oversold (30.0), MACD bullish crossover, Stochastic oversold crossover
2025-11-12 01:36:57 - __main__ - INFO - SOLUSDT: Cannot open position - Already have open position in SOLUSDT
2025-11-12 01:36:57 - __main__ - INFO - Waiting 60 seconds...
2025-11-12 01:38:01 - __main__ - INFO - ============================================================
2025-11-12 01:38:01 - __main__ - INFO - Bot Status - Iteration #65
2025-11-12 01:38:01 - __main__ - INFO - Time: 2025-11-12 01:38:01
2025-11-12 01:38:01 - __main__ - INFO - ------------------------------------------------------------
2025-11-12 01:38:01 - __main__ - INFO - Balance: $17.53 USDT
2025-11-12 01:38:01 - __main__ - INFO - Daily PnL: $0.21 (1.20%)
2025-11-12 01:38:01 - __main__ - INFO - Daily Trades: 0
2025-11-12 01:38:01 - __main__ - INFO - Total Trades: 3
2025-11-12 01:38:01 - __main__ - INFO - Win Rate: 100.0%
2025-11-12 01:38:01 - __main__ - INFO - Drawdown: -1.20%
2025-11-12 01:38:01 - __main__ - INFO - ------------------------------------------------------------
2025-11-12 01:38:01 - __main__ - INFO - Active Positions: 3
2025-11-12 01:38:01 - __main__ - INFO -   SOLUSDT: SHORT | Entry: $157.20 | Current: $156.38 | PnL: +0.52% | TP: 0/1
2025-11-12 01:38:01 - __main__ - INFO -   XRPUSDT: SHORT | Entry: $2.41 | Current: $2.40 | PnL: +0.71% | TP: 0/1
2025-11-12 01:38:01 - __main__ - INFO -   ROSEUSDT: SHORT | Entry: $0.02 | Current: $0.02 | PnL: +0.10% | TP: 0/1
2025-11-12 01:38:01 - __main__ - INFO - ============================================================
2025-11-12 01:38:01 - __main__ - INFO - Waiting 60 seconds...
2025-11-12 01:39:04 - __main__ - INFO - Waiting 60 seconds...
2025-11-12 01:40:07 - __main__ - INFO - XRPUSDT: TP1 hit! Closed 100% | PnL: $0.08 (0.91%)
2025-11-12 01:40:09 - __main__ - INFO - Waiting 60 seconds...
2025-11-12 01:41:11 - __main__ - INFO - Waiting 60 seconds...
2025-11-12 01:42:14 - __main__ - INFO - Waiting 60 seconds...
2025-11-12 01:43:17 - __main__ - INFO - ============================================================
2025-11-12 01:43:17 - __main__ - INFO - Bot Status - Iteration #70
2025-11-12 01:43:17 - __main__ - INFO - Time: 2025-11-12 01:43:17
2025-11-12 01:43:17 - __main__ - INFO - ------------------------------------------------------------
2025-11-12 01:43:17 - __main__ - INFO - Balance: $17.61 USDT
2025-11-12 01:43:17 - __main__ - INFO - Daily PnL: $0.28 (1.61%)
2025-11-12 01:43:17 - __main__ - INFO - Daily Trades: 0
2025-11-12 01:43:17 - __main__ - INFO - Total Trades: 4
2025-11-12 01:43:17 - __main__ - INFO - Win Rate: 100.0%
2025-11-12 01:43:17 - __main__ - INFO - Drawdown: -1.61%
2025-11-12 01:43:17 - __main__ - INFO - ------------------------------------------------------------
2025-11-12 01:43:17 - __main__ - INFO - Active Positions: 2
2025-11-12 01:43:17 - __main__ - INFO -   SOLUSDT: SHORT | Entry: $157.20 | Current: $156.07 | PnL: +0.72% | TP: 0/1
2025-11-12 01:43:17 - __main__ - INFO -   ROSEUSDT: SHORT | Entry: $0.02 | Current: $0.02 | PnL: +0.45% | TP: 0/1
2025-11-12 01:43:17 - __main__ - INFO - ============================================================
2025-11-12 01:43:17 - __main__ - INFO - Waiting 60 seconds...
2025-11-12 01:44:20 - __main__ - INFO - Waiting 60 seconds...
2025-11-12 01:45:23 - __main__ - INFO - Waiting 60 seconds...
2025-11-12 01:46:25 - __main__ - INFO - SOLUSDT: TP1 hit! Closed 100% | PnL: $0.06 (0.80%)
2025-11-12 01:46:27 - __main__ - INFO - Waiting 60 seconds...
2025-11-12 01:47:29 - __main__ - INFO - INJUSDT: SHORT signal (strength: 40, valid: True) - Strong downtrend (EMA alignment), Price below SAR, AO bearish
2025-11-12 01:47:30 - __main__ - INFO - XRPUSDT: SHORT signal (strength: 40, valid: True) - RSI oversold (26.1), Strong downtrend (EMA alignment), Price below SAR
2025-11-12 01:47:30 - __main__ - INFO - INJUSDT: Opening SHORT position...
2025-11-12 01:47:34 - __main__ - INFO - INJUSDT: Position opened successfully!
2025-11-12 01:47:34 - __main__ - INFO -   Entry: $7.55
2025-11-12 01:47:34 - __main__ - INFO -   Quantity: 1.1000
2025-11-12 01:47:34 - __main__ - INFO -   Stop Loss: $7.65
2025-11-12 01:47:34 - __main__ - INFO -   Take Profits:
2025-11-12 01:47:34 - __main__ - INFO -     TP1: $7.48 (0.8%) - Close 100%
2025-11-12 01:47:34 - __main__ - INFO - XRPUSDT: Opening SHORT position...
2025-11-12 01:47:37 - __main__ - INFO - XRPUSDT: Position opened successfully!
2025-11-12 01:47:37 - __main__ - INFO -   Entry: $2.39
2025-11-12 01:47:37 - __main__ - INFO -   Quantity: 3.6000
2025-11-12 01:47:37 - __main__ - INFO -   Stop Loss: $2.41
2025-11-12 01:47:37 - __main__ - INFO -   Take Profits:
2025-11-12 01:47:37 - __main__ - INFO -     TP1: $2.37 (0.8%) - Close 100%
2025-11-12 01:47:37 - __main__ - INFO - Waiting 60 seconds...
2025-11-12 01:48:41 - __main__ - INFO - ============================================================
2025-11-12 01:48:41 - __main__ - INFO - Bot Status - Iteration #75
2025-11-12 01:48:41 - __main__ - INFO - Time: 2025-11-12 01:48:41
2025-11-12 01:48:41 - __main__ - INFO - ------------------------------------------------------------
2025-11-12 01:48:41 - __main__ - INFO - Balance: $17.66 USDT
2025-11-12 01:48:41 - __main__ - INFO - Daily PnL: $0.33 (1.91%)
2025-11-12 01:48:41 - __main__ - INFO - Daily Trades: 0
2025-11-12 01:48:41 - __main__ - INFO - Total Trades: 5
2025-11-12 01:48:41 - __main__ - INFO - Win Rate: 100.0%
2025-11-12 01:48:41 - __main__ - INFO - Drawdown: -1.91%
2025-11-12 01:48:41 - __main__ - INFO - ------------------------------------------------------------
2025-11-12 01:48:41 - __main__ - INFO - Active Positions: 3
2025-11-12 01:48:41 - __main__ - INFO -   ROSEUSDT: SHORT | Entry: $0.02 | Current: $0.02 | PnL: +0.30% | TP: 0/1
2025-11-12 01:48:41 - __main__ - INFO -   INJUSDT: SHORT | Entry: $7.55 | Current: $7.56 | PnL: -0.13% | TP: 0/1
2025-11-12 01:48:41 - __main__ - INFO -   XRPUSDT: SHORT | Entry: $2.39 | Current: $2.39 | PnL: -0.01% | TP: 0/1
2025-11-12 01:48:41 - __main__ - INFO - ============================================================
2025-11-12 01:48:41 - __main__ - INFO - Waiting 60 seconds...
2025-11-12 01:49:43 - __main__ - INFO - Waiting 60 seconds...
2025-11-12 01:50:46 - __main__ - INFO - Waiting 60 seconds...
2025-11-12 01:51:49 - __main__ - INFO - Waiting 60 seconds...
2025-11-12 01:52:51 - __main__ - INFO - Waiting 60 seconds...
2025-11-12 01:53:55 - __main__ - INFO - ============================================================
2025-11-12 01:53:55 - __main__ - INFO - Bot Status - Iteration #80
2025-11-12 01:53:55 - __main__ - INFO - Time: 2025-11-12 01:53:55
2025-11-12 01:53:55 - __main__ - INFO - ------------------------------------------------------------
2025-11-12 01:53:55 - __main__ - INFO - Balance: $17.66 USDT
2025-11-12 01:53:55 - __main__ - INFO - Daily PnL: $0.33 (1.91%)
2025-11-12 01:53:55 - __main__ - INFO - Daily Trades: 0
2025-11-12 01:53:55 - __main__ - INFO - Total Trades: 5
2025-11-12 01:53:55 - __main__ - INFO - Win Rate: 100.0%
2025-11-12 01:53:55 - __main__ - INFO - Drawdown: -1.91%
2025-11-12 01:53:55 - __main__ - INFO - ------------------------------------------------------------
2025-11-12 01:53:55 - __main__ - INFO - Active Positions: 3
2025-11-12 01:53:55 - __main__ - INFO -   ROSEUSDT: SHORT | Entry: $0.02 | Current: $0.02 | PnL: +0.25% | TP: 0/1
2025-11-12 01:53:55 - __main__ - INFO -   INJUSDT: SHORT | Entry: $7.55 | Current: $7.56 | PnL: -0.16% | TP: 0/1
2025-11-12 01:53:55 - __main__ - INFO -   XRPUSDT: SHORT | Entry: $2.39 | Current: $2.39 | PnL: -0.09% | TP: 0/1
2025-11-12 01:53:55 - __main__ - INFO - ============================================================
2025-11-12 01:53:55 - __main__ - INFO - Waiting 60 seconds...
2025-11-12 01:54:57 - __main__ - INFO - Waiting 60 seconds...
2025-11-12 01:56:00 - __main__ - INFO - Waiting 60 seconds...
2025-11-12 01:57:02 - __main__ - INFO - Waiting 60 seconds...
2025-11-12 01:58:05 - __main__ - INFO - Waiting 60 seconds...
2025-11-12 01:59:09 - __main__ - INFO - ============================================================
2025-11-12 01:59:09 - __main__ - INFO - Bot Status - Iteration #85
2025-11-12 01:59:09 - __main__ - INFO - Time: 2025-11-12 01:59:09
2025-11-12 01:59:09 - __main__ - INFO - ------------------------------------------------------------
2025-11-12 01:59:09 - __main__ - INFO - Balance: $17.66 USDT
2025-11-12 01:59:09 - __main__ - INFO - Daily PnL: $0.33 (1.91%)
2025-11-12 01:59:09 - __main__ - INFO - Daily Trades: 0
2025-11-12 01:59:09 - __main__ - INFO - Total Trades: 5
2025-11-12 01:59:09 - __main__ - INFO - Win Rate: 100.0%
2025-11-12 01:59:09 - __main__ - INFO - Drawdown: -1.91%
2025-11-12 01:59:09 - __main__ - INFO - ------------------------------------------------------------
2025-11-12 01:59:09 - __main__ - INFO - Active Positions: 3
2025-11-12 01:59:09 - __main__ - INFO -   ROSEUSDT: SHORT | Entry: $0.02 | Current: $0.02 | PnL: +0.30% | TP: 0/1
2025-11-12 01:59:09 - __main__ - INFO -   INJUSDT: SHORT | Entry: $7.55 | Current: $7.56 | PnL: -0.15% | TP: 0/1
2025-11-12 01:59:09 - __main__ - INFO -   XRPUSDT: SHORT | Entry: $2.39 | Current: $2.39 | PnL: +0.15% | TP: 0/1
2025-11-12 01:59:09 - __main__ - INFO - ============================================================
2025-11-12 01:59:09 - __main__ - INFO - Waiting 60 seconds...
2025-11-12 02:00:12 - __main__ - INFO - Waiting 60 seconds...
2025-11-12 02:01:15 - __main__ - INFO - Waiting 60 seconds...
2025-11-12 02:02:17 - __main__ - INFO - Waiting 60 seconds...
2025-11-12 02:03:19 - __main__ - INFO - INJUSDT: SHORT signal (strength: 40, valid: True) - RSI oversold (26.3), Strong downtrend (EMA alignment), Price below SAR
2025-11-12 02:03:20 - __main__ - INFO - XRPUSDT: SHORT signal (strength: 40, valid: True) - RSI oversold (22.6), Price at lower Bollinger Band, Strong downtrend (EMA alignment)
2025-11-12 02:03:20 - __main__ - INFO - INJUSDT: Cannot open position - Already have open position in INJUSDT
2025-11-12 02:03:21 - __main__ - INFO - XRPUSDT: Cannot open position - Already have open position in XRPUSDT
2025-11-12 02:03:21 - __main__ - INFO - Waiting 60 seconds...
2025-11-12 02:04:24 - __main__ - INFO - ============================================================
2025-11-12 02:04:24 - __main__ - INFO - Bot Status - Iteration #90
2025-11-12 02:04:24 - __main__ - INFO - Time: 2025-11-12 02:04:24
2025-11-12 02:04:24 - __main__ - INFO - ------------------------------------------------------------
2025-11-12 02:04:24 - __main__ - INFO - Balance: $17.66 USDT
2025-11-12 02:04:24 - __main__ - INFO - Daily PnL: $0.33 (1.91%)
2025-11-12 02:04:24 - __main__ - INFO - Daily Trades: 0
2025-11-12 02:04:24 - __main__ - INFO - Total Trades: 5
2025-11-12 02:04:24 - __main__ - INFO - Win Rate: 100.0%
2025-11-12 02:04:24 - __main__ - INFO - Drawdown: -1.91%
2025-11-12 02:04:24 - __main__ - INFO - ------------------------------------------------------------
2025-11-12 02:04:24 - __main__ - INFO - Active Positions: 3
2025-11-12 02:04:24 - __main__ - INFO -   ROSEUSDT: SHORT | Entry: $0.02 | Current: $0.02 | PnL: +0.35% | TP: 0/1
2025-11-12 02:04:24 - __main__ - INFO -   INJUSDT: SHORT | Entry: $7.55 | Current: $7.55 | PnL: -0.05% | TP: 0/1
2025-11-12 02:04:24 - __main__ - INFO -   XRPUSDT: SHORT | Entry: $2.39 | Current: $2.38 | PnL: +0.42% | TP: 0/1
2025-11-12 02:04:24 - __main__ - INFO - ============================================================
2025-11-12 02:04:24 - __main__ - INFO - Waiting 60 seconds...
2025-11-12 02:05:27 - __main__ - INFO - Waiting 60 seconds...
2025-11-12 02:06:31 - __main__ - INFO - Waiting 60 seconds...
2025-11-12 02:07:33 - __main__ - INFO - Waiting 60 seconds...
2025-11-12 02:08:36 - __main__ - INFO - Waiting 60 seconds...
2025-11-12 02:09:39 - __main__ - INFO - ============================================================
2025-11-12 02:09:39 - __main__ - INFO - Bot Status - Iteration #95
2025-11-12 02:09:39 - __main__ - INFO - Time: 2025-11-12 02:09:39
2025-11-12 02:09:39 - __main__ - INFO - ------------------------------------------------------------
2025-11-12 02:09:39 - __main__ - INFO - Balance: $17.66 USDT
2025-11-12 02:09:39 - __main__ - INFO - Daily PnL: $0.33 (1.91%)
2025-11-12 02:09:39 - __main__ - INFO - Daily Trades: 0
2025-11-12 02:09:39 - __main__ - INFO - Total Trades: 5
2025-11-12 02:09:39 - __main__ - INFO - Win Rate: 100.0%
2025-11-12 02:09:39 - __main__ - INFO - Drawdown: -1.91%
2025-11-12 02:09:39 - __main__ - INFO - ------------------------------------------------------------
2025-11-12 02:09:39 - __main__ - INFO - Active Positions: 3
2025-11-12 02:09:39 - __main__ - INFO -   ROSEUSDT: SHORT | Entry: $0.02 | Current: $0.02 | PnL: +0.50% | TP: 0/1
2025-11-12 02:09:39 - __main__ - INFO -   INJUSDT: SHORT | Entry: $7.55 | Current: $7.53 | PnL: +0.29% | TP: 0/1
2025-11-12 02:09:39 - __main__ - INFO -   XRPUSDT: SHORT | Entry: $2.39 | Current: $2.38 | PnL: +0.38% | TP: 0/1
2025-11-12 02:09:39 - __main__ - INFO - ============================================================
2025-11-12 02:09:39 - __main__ - INFO - Waiting 60 seconds...
2025-11-12 02:10:42 - __main__ - INFO - Waiting 60 seconds...
2025-11-12 02:11:45 - __main__ - INFO - Waiting 60 seconds...
2025-11-12 02:12:48 - __main__ - INFO - Waiting 60 seconds...
2025-11-12 02:13:51 - __main__ - INFO - Waiting 60 seconds...
2025-11-12 02:14:54 - __main__ - INFO - ============================================================
2025-11-12 02:14:54 - __main__ - INFO - Bot Status - Iteration #100
2025-11-12 02:14:54 - __main__ - INFO - Time: 2025-11-12 02:14:54
2025-11-12 02:14:54 - __main__ - INFO - ------------------------------------------------------------
2025-11-12 02:14:54 - __main__ - INFO - Balance: $17.66 USDT
2025-11-12 02:14:54 - __main__ - INFO - Daily PnL: $0.33 (1.91%)
2025-11-12 02:14:54 - __main__ - INFO - Daily Trades: 0
2025-11-12 02:14:54 - __main__ - INFO - Total Trades: 5
2025-11-12 02:14:54 - __main__ - INFO - Win Rate: 100.0%
2025-11-12 02:14:54 - __main__ - INFO - Drawdown: -1.91%
2025-11-12 02:14:54 - __main__ - INFO - ------------------------------------------------------------
2025-11-12 02:14:54 - __main__ - INFO - Active Positions: 3
2025-11-12 02:14:54 - __main__ - INFO -   ROSEUSDT: SHORT | Entry: $0.02 | Current: $0.02 | PnL: -0.10% | TP: 0/1
2025-11-12 02:14:54 - __main__ - INFO -   INJUSDT: SHORT | Entry: $7.55 | Current: $7.57 | PnL: -0.34% | TP: 0/1
2025-11-12 02:14:54 - __main__ - INFO -   XRPUSDT: SHORT | Entry: $2.39 | Current: $2.39 | PnL: -0.09% | TP: 0/1
2025-11-12 02:14:54 - __main__ - INFO - ============================================================
2025-11-12 02:14:54 - __main__ - INFO - Waiting 60 seconds...
2025-11-12 02:15:57 - __main__ - INFO - Waiting 60 seconds...
2025-11-12 02:17:00 - __main__ - INFO - Waiting 60 seconds...
2025-11-12 02:18:03 - __main__ - INFO - Waiting 60 seconds...
2025-11-12 02:19:04 - __main__ - INFO - INJUSDT: SHORT signal (strength: 40, valid: True) - RSI oversold (25.9), Stochastic oversold crossover, Strong downtrend (EMA alignment)
2025-11-12 02:19:06 - __main__ - INFO - XRPUSDT: SHORT signal (strength: 40, valid: True) - RSI oversold (28.6), Stochastic oversold crossover, Strong downtrend (EMA alignment)
2025-11-12 02:19:06 - __main__ - INFO - INJUSDT: Cannot open position - Already have open position in INJUSDT
2025-11-12 02:19:06 - __main__ - INFO - XRPUSDT: Cannot open position - Already have open position in XRPUSDT
2025-11-12 02:19:06 - __main__ - INFO - Waiting 60 seconds...
2025-11-12 02:20:10 - __main__ - INFO - ============================================================
2025-11-12 02:20:10 - __main__ - INFO - Bot Status - Iteration #105
2025-11-12 02:20:10 - __main__ - INFO - Time: 2025-11-12 02:20:10
2025-11-12 02:20:10 - __main__ - INFO - ------------------------------------------------------------
2025-11-12 02:20:10 - __main__ - INFO - Balance: $17.66 USDT
2025-11-12 02:20:10 - __main__ - INFO - Daily PnL: $0.33 (1.91%)
2025-11-12 02:20:10 - __main__ - INFO - Daily Trades: 0
2025-11-12 02:20:10 - __main__ - INFO - Total Trades: 5
2025-11-12 02:20:10 - __main__ - INFO - Win Rate: 100.0%
2025-11-12 02:20:10 - __main__ - INFO - Drawdown: -1.91%
2025-11-12 02:20:10 - __main__ - INFO - ------------------------------------------------------------
2025-11-12 02:20:10 - __main__ - INFO - Active Positions: 3
2025-11-12 02:20:10 - __main__ - INFO -   ROSEUSDT: SHORT | Entry: $0.02 | Current: $0.02 | PnL: 0.00% | TP: 0/1
2025-11-12 02:20:10 - __main__ - INFO -   INJUSDT: SHORT | Entry: $7.55 | Current: $7.58 | PnL: -0.41% | TP: 0/1
2025-11-12 02:20:10 - __main__ - INFO -   XRPUSDT: SHORT | Entry: $2.39 | Current: $2.39 | PnL: +0.13% | TP: 0/1
2025-11-12 02:20:10 - __main__ - INFO - ============================================================
2025-11-12 02:20:10 - __main__ - INFO - Waiting 60 seconds...
2025-11-12 02:21:13 - __main__ - INFO - Waiting 60 seconds...
2025-11-12 02:22:15 - __main__ - INFO - Waiting 60 seconds...
2025-11-12 02:23:18 - __main__ - INFO - Waiting 60 seconds...
2025-11-12 02:24:20 - __main__ - INFO - Waiting 60 seconds...
2025-11-12 02:25:24 - __main__ - INFO - ============================================================
2025-11-12 02:25:24 - __main__ - INFO - Bot Status - Iteration #110
2025-11-12 02:25:24 - __main__ - INFO - Time: 2025-11-12 02:25:24
2025-11-12 02:25:24 - __main__ - INFO - ------------------------------------------------------------
2025-11-12 02:25:24 - __main__ - INFO - Balance: $17.66 USDT
2025-11-12 02:25:24 - __main__ - INFO - Daily PnL: $0.33 (1.91%)
2025-11-12 02:25:24 - __main__ - INFO - Daily Trades: 0
2025-11-12 02:25:24 - __main__ - INFO - Total Trades: 5
2025-11-12 02:25:24 - __main__ - INFO - Win Rate: 100.0%
2025-11-12 02:25:24 - __main__ - INFO - Drawdown: -1.91%
2025-11-12 02:25:24 - __main__ - INFO - ------------------------------------------------------------
2025-11-12 02:25:24 - __main__ - INFO - Active Positions: 3
2025-11-12 02:25:24 - __main__ - INFO -   ROSEUSDT: SHORT | Entry: $0.02 | Current: $0.02 | PnL: -0.50% | TP: 0/1
2025-11-12 02:25:24 - __main__ - INFO -   INJUSDT: SHORT | Entry: $7.55 | Current: $7.64 | PnL: -1.27% | TP: 0/1
2025-11-12 02:25:24 - __main__ - INFO -   XRPUSDT: SHORT | Entry: $2.39 | Current: $2.39 | PnL: 0.00% | TP: 0/1
2025-11-12 02:25:24 - __main__ - INFO - ============================================================
2025-11-12 02:25:24 - __main__ - INFO - Waiting 60 seconds...
2025-11-12 02:26:27 - __main__ - INFO - Waiting 60 seconds...
2025-11-12 02:27:30 - __main__ - INFO - Waiting 60 seconds...
2025-11-12 02:28:32 - __main__ - INFO - Waiting 60 seconds...
2025-11-12 02:29:35 - __main__ - WARNING - INJUSDT: Stop loss hit | PnL: $-0.14 (-1.64%)
2025-11-12 02:29:36 - __main__ - INFO - Waiting 60 seconds...
2025-11-12 02:30:40 - __main__ - INFO - ============================================================
2025-11-12 02:30:40 - __main__ - INFO - Bot Status - Iteration #115
2025-11-12 02:30:40 - __main__ - INFO - Time: 2025-11-12 02:30:40
2025-11-12 02:30:40 - __main__ - INFO - ------------------------------------------------------------
2025-11-12 02:30:40 - __main__ - INFO - Balance: $17.52 USDT
2025-11-12 02:30:40 - __main__ - INFO - Daily PnL: $0.19 (1.10%)
2025-11-12 02:30:40 - __main__ - INFO - Daily Trades: 0
2025-11-12 02:30:40 - __main__ - INFO - Total Trades: 6
2025-11-12 02:30:40 - __main__ - INFO - Win Rate: 83.3%
2025-11-12 02:30:40 - __main__ - INFO - Drawdown: -1.10%
2025-11-12 02:30:40 - __main__ - INFO - ------------------------------------------------------------
2025-11-12 02:30:40 - __main__ - INFO - Active Positions: 2
2025-11-12 02:30:40 - __main__ - INFO -   ROSEUSDT: SHORT | Entry: $0.02 | Current: $0.02 | PnL: -0.64% | TP: 0/1
2025-11-12 02:30:40 - __main__ - INFO -   XRPUSDT: SHORT | Entry: $2.39 | Current: $2.39 | PnL: -0.09% | TP: 0/1
2025-11-12 02:30:40 - __main__ - INFO - ============================================================
2025-11-12 02:30:40 - __main__ - INFO - Waiting 60 seconds...
2025-11-12 02:31:43 - __main__ - INFO - Waiting 60 seconds...
2025-11-12 02:32:46 - __main__ - INFO - Waiting 60 seconds...
2025-11-12 02:33:48 - __main__ - INFO - Waiting 60 seconds...
2025-11-12 02:34:51 - __main__ - INFO - XRPUSDT: SHORT signal (strength: 40, valid: True) - Strong downtrend (EMA alignment), Price below SAR, AO bearish
2025-11-12 02:34:51 - __main__ - INFO - XRPUSDT: Cannot open position - Already have open position in XRPUSDT
2025-11-12 02:34:51 - __main__ - INFO - Waiting 60 seconds...
2025-11-12 02:35:55 - __main__ - INFO - ============================================================
2025-11-12 02:35:55 - __main__ - INFO - Bot Status - Iteration #120
2025-11-12 02:35:55 - __main__ - INFO - Time: 2025-11-12 02:35:55
2025-11-12 02:35:55 - __main__ - INFO - ------------------------------------------------------------
2025-11-12 02:35:55 - __main__ - INFO - Balance: $17.52 USDT
2025-11-12 02:35:55 - __main__ - INFO - Daily PnL: $0.19 (1.10%)
2025-11-12 02:35:55 - __main__ - INFO - Daily Trades: 0
2025-11-12 02:35:55 - __main__ - INFO - Total Trades: 6
2025-11-12 02:35:55 - __main__ - INFO - Win Rate: 83.3%
2025-11-12 02:35:55 - __main__ - INFO - Drawdown: -1.10%
2025-11-12 02:35:55 - __main__ - INFO - ------------------------------------------------------------
2025-11-12 02:35:55 - __main__ - INFO - Active Positions: 2
2025-11-12 02:35:55 - __main__ - INFO -   ROSEUSDT: SHORT | Entry: $0.02 | Current: $0.02 | PnL: -0.84% | TP: 0/1
2025-11-12 02:35:55 - __main__ - INFO -   XRPUSDT: SHORT | Entry: $2.39 | Current: $2.40 | PnL: -0.46% | TP: 0/1
2025-11-12 02:35:55 - __main__ - INFO - ============================================================
2025-11-12 02:35:55 - __main__ - INFO - Waiting 60 seconds...
2025-11-12 02:36:58 - __main__ - INFO - Waiting 60 seconds...
2025-11-12 02:38:00 - __main__ - INFO - Waiting 60 seconds...
2025-11-12 02:39:04 - __main__ - INFO - Waiting 60 seconds...
2025-11-12 02:40:07 - __main__ - INFO - Waiting 60 seconds...
2025-11-12 02:41:10 - __main__ - INFO - ============================================================
2025-11-12 02:41:10 - __main__ - INFO - Bot Status - Iteration #125
2025-11-12 02:41:10 - __main__ - INFO - Time: 2025-11-12 02:41:10
2025-11-12 02:41:10 - __main__ - INFO - ------------------------------------------------------------
2025-11-12 02:41:10 - __main__ - INFO - Balance: $17.52 USDT
2025-11-12 02:41:10 - __main__ - INFO - Daily PnL: $0.19 (1.10%)
2025-11-12 02:41:10 - __main__ - INFO - Daily Trades: 0
2025-11-12 02:41:10 - __main__ - INFO - Total Trades: 6
2025-11-12 02:41:10 - __main__ - INFO - Win Rate: 83.3%
2025-11-12 02:41:10 - __main__ - INFO - Drawdown: -1.10%
2025-11-12 02:41:10 - __main__ - INFO - ------------------------------------------------------------
2025-11-12 02:41:10 - __main__ - INFO - Active Positions: 2
2025-11-12 02:41:10 - __main__ - INFO -   ROSEUSDT: SHORT | Entry: $0.02 | Current: $0.02 | PnL: -0.99% | TP: 0/1
2025-11-12 02:41:10 - __main__ - INFO -   XRPUSDT: SHORT | Entry: $2.39 | Current: $2.40 | PnL: -0.51% | TP: 0/1
2025-11-12 02:41:10 - __main__ - INFO - ============================================================
2025-11-12 02:41:10 - __main__ - INFO - Waiting 60 seconds...
2025-11-12 02:42:13 - __main__ - INFO - Waiting 60 seconds...
2025-11-12 02:43:16 - __main__ - INFO - Waiting 60 seconds...
2025-11-12 02:44:18 - __main__ - INFO - Waiting 60 seconds...
2025-11-12 02:45:21 - __main__ - INFO - Waiting 60 seconds...
2025-11-12 02:46:24 - __main__ - INFO - ============================================================
2025-11-12 02:46:24 - __main__ - INFO - Bot Status - Iteration #130
2025-11-12 02:46:24 - __main__ - INFO - Time: 2025-11-12 02:46:24
2025-11-12 02:46:24 - __main__ - INFO - ------------------------------------------------------------
2025-11-12 02:46:24 - __main__ - INFO - Balance: $17.52 USDT
2025-11-12 02:46:24 - __main__ - INFO - Daily PnL: $0.19 (1.10%)
2025-11-12 02:46:24 - __main__ - INFO - Daily Trades: 0
2025-11-12 02:46:24 - __main__ - INFO - Total Trades: 6
2025-11-12 02:46:24 - __main__ - INFO - Win Rate: 83.3%
2025-11-12 02:46:24 - __main__ - INFO - Drawdown: -1.10%
2025-11-12 02:46:24 - __main__ - INFO - ------------------------------------------------------------
2025-11-12 02:46:24 - __main__ - INFO - Active Positions: 2
2025-11-12 02:46:24 - __main__ - INFO -   ROSEUSDT: SHORT | Entry: $0.02 | Current: $0.02 | PnL: -1.04% | TP: 0/1
2025-11-12 02:46:24 - __main__ - INFO -   XRPUSDT: SHORT | Entry: $2.39 | Current: $2.40 | PnL: -0.51% | TP: 0/1
2025-11-12 02:46:24 - __main__ - INFO - ============================================================
2025-11-12 02:46:24 - __main__ - INFO - Waiting 60 seconds...
2025-11-12 02:47:27 - __main__ - INFO - Waiting 60 seconds...
2025-11-12 02:48:30 - __main__ - INFO - Waiting 60 seconds...
2025-11-12 02:49:32 - __main__ - INFO - Waiting 60 seconds...
2025-11-12 02:50:35 - __main__ - INFO - Waiting 60 seconds...
2025-11-12 02:51:37 - __main__ - WARNING - XRPUSDT: Stop loss hit | PnL: $-0.06 (-0.71%)
2025-11-12 02:51:40 - __main__ - INFO - ============================================================
2025-11-12 02:51:40 - __main__ - INFO - Bot Status - Iteration #135
2025-11-12 02:51:40 - __main__ - INFO - Time: 2025-11-12 02:51:40
2025-11-12 02:51:40 - __main__ - INFO - ------------------------------------------------------------
2025-11-12 02:51:40 - __main__ - INFO - Balance: $17.45 USDT
2025-11-12 02:51:40 - __main__ - INFO - Daily PnL: $0.13 (0.72%)
2025-11-12 02:51:40 - __main__ - INFO - Daily Trades: 0
2025-11-12 02:51:40 - __main__ - INFO - Total Trades: 7
2025-11-12 02:51:40 - __main__ - INFO - Win Rate: 71.4%
2025-11-12 02:51:40 - __main__ - INFO - Drawdown: -0.72%
2025-11-12 02:51:40 - __main__ - INFO - ------------------------------------------------------------
2025-11-12 02:51:40 - __main__ - INFO - Active Positions: 1
2025-11-12 02:51:40 - __main__ - INFO -   ROSEUSDT: SHORT | Entry: $0.02 | Current: $0.02 | PnL: -0.74% | TP: 0/1
2025-11-12 02:51:40 - __main__ - INFO - ============================================================
2025-11-12 02:51:40 - __main__ - INFO - Waiting 60 seconds...
2025-11-12 02:52:42 - __main__ - INFO - Waiting 60 seconds...
2025-11-12 02:53:45 - __main__ - INFO - Waiting 60 seconds...
2025-11-12 02:54:47 - __main__ - INFO - Waiting 60 seconds...
2025-11-12 02:55:50 - __main__ - INFO - Waiting 60 seconds...
2025-11-12 02:56:53 - __main__ - INFO - ============================================================
2025-11-12 02:56:53 - __main__ - INFO - Bot Status - Iteration #140
2025-11-12 02:56:53 - __main__ - INFO - Time: 2025-11-12 02:56:53
2025-11-12 02:56:53 - __main__ - INFO - ------------------------------------------------------------
2025-11-12 02:56:53 - __main__ - INFO - Balance: $17.45 USDT
2025-11-12 02:56:53 - __main__ - INFO - Daily PnL: $0.13 (0.72%)
2025-11-12 02:56:53 - __main__ - INFO - Daily Trades: 0
2025-11-12 02:56:53 - __main__ - INFO - Total Trades: 7
2025-11-12 02:56:53 - __main__ - INFO - Win Rate: 71.4%
2025-11-12 02:56:53 - __main__ - INFO - Drawdown: -0.72%
2025-11-12 02:56:53 - __main__ - INFO - ------------------------------------------------------------
2025-11-12 02:56:53 - __main__ - INFO - Active Positions: 1
2025-11-12 02:56:53 - __main__ - INFO -   ROSEUSDT: SHORT | Entry: $0.02 | Current: $0.02 | PnL: -0.99% | TP: 0/1
2025-11-12 02:56:53 - __main__ - INFO - ============================================================
2025-11-12 02:56:53 - __main__ - INFO - Waiting 60 seconds...
2025-11-12 02:57:56 - __main__ - WARNING - ROSEUSDT: Stop loss hit | PnL: $-0.19 (-2.13%)
2025-11-12 02:57:57 - __main__ - INFO - Waiting 60 seconds...
2025-11-12 02:59:00 - __main__ - INFO - Waiting 60 seconds...
2025-11-12 03:00:05 - __main__ - INFO - Waiting 60 seconds...
2025-11-12 03:01:08 - __main__ - INFO - Waiting 60 seconds...
2025-11-12 03:02:11 - __main__ - INFO - ============================================================
2025-11-12 03:02:11 - __main__ - INFO - Bot Status - Iteration #145
2025-11-12 03:02:11 - __main__ - INFO - Time: 2025-11-12 03:02:11
2025-11-12 03:02:11 - __main__ - INFO - ------------------------------------------------------------
2025-11-12 03:02:11 - __main__ - INFO - Balance: $17.14 USDT
2025-11-12 03:02:11 - __main__ - INFO - Daily PnL: $-0.19 (-1.10%)
2025-11-12 03:02:11 - __main__ - INFO - Daily Trades: 0
2025-11-12 03:02:11 - __main__ - INFO - Total Trades: 8
2025-11-12 03:02:11 - __main__ - INFO - Win Rate: 62.5%
2025-11-12 03:02:11 - __main__ - INFO - Drawdown: 1.10%
2025-11-12 03:02:11 - __main__ - INFO - ------------------------------------------------------------
2025-11-12 03:02:11 - __main__ - INFO - Active Positions: 0
2025-11-12 03:02:11 - __main__ - INFO - ============================================================
2025-11-12 03:02:11 - __main__ - INFO - Waiting 60 seconds...
2025-11-12 03:03:13 - __main__ - INFO - Waiting 60 seconds...
2025-11-12 03:04:16 - __main__ - INFO - Waiting 60 seconds...
2025-11-12 03:05:18 - __main__ - INFO - Waiting 60 seconds...
2025-11-12 03:06:21 - __main__ - INFO - Waiting 60 seconds...
2025-11-12 03:07:22 - __main__ - INFO - INJUSDT: SHORT signal (strength: 45, valid: True) - MACD bearish crossover, Strong downtrend (EMA alignment), Price above SAR
2025-11-12 03:07:24 - __main__ - INFO - INJUSDT: Opening SHORT position...
2025-11-12 03:07:27 - __main__ - INFO - INJUSDT: Position opened successfully!
2025-11-12 03:07:27 - __main__ - INFO -   Entry: $7.63
2025-11-12 03:07:27 - __main__ - INFO -   Quantity: 1.1000
2025-11-12 03:07:27 - __main__ - INFO -   Stop Loss: $7.75
2025-11-12 03:07:27 - __main__ - INFO -   Take Profits:
2025-11-12 03:07:27 - __main__ - INFO -     TP1: $7.57 (0.8%) - Close 100%
2025-11-12 03:07:28 - __main__ - INFO - ============================================================
2025-11-12 03:07:28 - __main__ - INFO - Bot Status - Iteration #150
2025-11-12 03:07:28 - __main__ - INFO - Time: 2025-11-12 03:07:28
2025-11-12 03:07:28 - __main__ - INFO - ------------------------------------------------------------
2025-11-12 03:07:28 - __main__ - INFO - Balance: $17.13 USDT
2025-11-12 03:07:28 - __main__ - INFO - Daily PnL: $-0.19 (-1.12%)
2025-11-12 03:07:28 - __main__ - INFO - Daily Trades: 0
2025-11-12 03:07:28 - __main__ - INFO - Total Trades: 8
2025-11-12 03:07:28 - __main__ - INFO - Win Rate: 62.5%
2025-11-12 03:07:28 - __main__ - INFO - Drawdown: 1.12%
2025-11-12 03:07:28 - __main__ - INFO - ------------------------------------------------------------
2025-11-12 03:07:28 - __main__ - INFO - Active Positions: 1
2025-11-12 03:07:28 - __main__ - INFO -   INJUSDT: SHORT | Entry: $7.63 | Current: $7.63 | PnL: -0.04% | TP: 0/1
2025-11-12 03:07:28 - __main__ - INFO - ============================================================
2025-11-12 03:07:28 - __main__ - INFO - Waiting 60 seconds...
2025-11-12 03:08:31 - __main__ - INFO - Waiting 60 seconds...
2025-11-12 03:09:33 - __main__ - INFO - Waiting 60 seconds...
2025-11-12 03:10:36 - __main__ - INFO - Waiting 60 seconds...
2025-11-12 03:11:38 - __main__ - INFO - Waiting 60 seconds...
2025-11-12 03:12:41 - __main__ - INFO - ============================================================
2025-11-12 03:12:41 - __main__ - INFO - Bot Status - Iteration #155
2025-11-12 03:12:41 - __main__ - INFO - Time: 2025-11-12 03:12:41
2025-11-12 03:12:41 - __main__ - INFO - ------------------------------------------------------------
2025-11-12 03:12:41 - __main__ - INFO - Balance: $17.13 USDT
2025-11-12 03:12:41 - __main__ - INFO - Daily PnL: $-0.19 (-1.12%)
2025-11-12 03:12:41 - __main__ - INFO - Daily Trades: 0
2025-11-12 03:12:41 - __main__ - INFO - Total Trades: 8
2025-11-12 03:12:41 - __main__ - INFO - Win Rate: 62.5%
2025-11-12 03:12:41 - __main__ - INFO - Drawdown: 1.12%
2025-11-12 03:12:41 - __main__ - INFO - ------------------------------------------------------------
2025-11-12 03:12:41 - __main__ - INFO - Active Positions: 1
2025-11-12 03:12:41 - __main__ - INFO -   INJUSDT: SHORT | Entry: $7.63 | Current: $7.59 | PnL: +0.45% | TP: 0/1
2025-11-12 03:12:41 - __main__ - INFO - ============================================================
2025-11-12 03:12:41 - __main__ - INFO - Waiting 60 seconds...
2025-11-12 03:13:44 - __main__ - INFO - Waiting 60 seconds...
2025-11-12 03:14:47 - __main__ - INFO - Waiting 60 seconds...
2025-11-12 03:15:50 - __main__ - INFO - Waiting 60 seconds...
2025-11-12 03:16:53 - __main__ - INFO - Waiting 60 seconds...
2025-11-12 03:17:56 - __main__ - INFO - ============================================================
2025-11-12 03:17:56 - __main__ - INFO - Bot Status - Iteration #160
2025-11-12 03:17:56 - __main__ - INFO - Time: 2025-11-12 03:17:56
2025-11-12 03:17:56 - __main__ - INFO - ------------------------------------------------------------
2025-11-12 03:17:56 - __main__ - INFO - Balance: $17.13 USDT
2025-11-12 03:17:56 - __main__ - INFO - Daily PnL: $-0.19 (-1.12%)
2025-11-12 03:17:56 - __main__ - INFO - Daily Trades: 0
2025-11-12 03:17:56 - __main__ - INFO - Total Trades: 8
2025-11-12 03:17:56 - __main__ - INFO - Win Rate: 62.5%
2025-11-12 03:17:56 - __main__ - INFO - Drawdown: 1.12%
2025-11-12 03:17:56 - __main__ - INFO - ------------------------------------------------------------
2025-11-12 03:17:56 - __main__ - INFO - Active Positions: 1
2025-11-12 03:17:56 - __main__ - INFO -   INJUSDT: SHORT | Entry: $7.63 | Current: $7.61 | PnL: +0.28% | TP: 0/1
2025-11-12 03:17:56 - __main__ - INFO - ============================================================
2025-11-12 03:17:56 - __main__ - INFO - Waiting 60 seconds...
2025-11-12 03:18:58 - __main__ - INFO - Waiting 60 seconds...
2025-11-12 03:20:02 - __main__ - INFO - Waiting 60 seconds...
2025-11-12 03:21:04 - __main__ - INFO - Waiting 60 seconds...
2025-11-12 03:22:07 - __main__ - INFO - Waiting 60 seconds...
2025-11-12 03:23:10 - __main__ - INFO - ============================================================
2025-11-12 03:23:10 - __main__ - INFO - Bot Status - Iteration #165
2025-11-12 03:23:10 - __main__ - INFO - Time: 2025-11-12 03:23:10
2025-11-12 03:23:10 - __main__ - INFO - ------------------------------------------------------------
2025-11-12 03:23:10 - __main__ - INFO - Balance: $17.13 USDT
2025-11-12 03:23:10 - __main__ - INFO - Daily PnL: $-0.19 (-1.12%)
2025-11-12 03:23:10 - __main__ - INFO - Daily Trades: 0
2025-11-12 03:23:10 - __main__ - INFO - Total Trades: 8
2025-11-12 03:23:10 - __main__ - INFO - Win Rate: 62.5%
2025-11-12 03:23:10 - __main__ - INFO - Drawdown: 1.12%
2025-11-12 03:23:10 - __main__ - INFO - ------------------------------------------------------------
2025-11-12 03:23:10 - __main__ - INFO - Active Positions: 1
2025-11-12 03:23:10 - __main__ - INFO -   INJUSDT: SHORT | Entry: $7.63 | Current: $7.66 | PnL: -0.42% | TP: 0/1
2025-11-12 03:23:10 - __main__ - INFO - ============================================================
2025-11-12 03:23:10 - __main__ - INFO - Waiting 60 seconds...
2025-11-12 03:24:13 - __main__ - INFO - Waiting 60 seconds...
2025-11-12 03:25:15 - __main__ - INFO - Waiting 60 seconds...
2025-11-12 03:26:18 - __main__ - INFO - Waiting 60 seconds...
2025-11-12 03:27:21 - __main__ - INFO - Waiting 60 seconds...
2025-11-12 03:28:24 - __main__ - INFO - ============================================================
2025-11-12 03:28:24 - __main__ - INFO - Bot Status - Iteration #170
2025-11-12 03:28:24 - __main__ - INFO - Time: 2025-11-12 03:28:24
2025-11-12 03:28:24 - __main__ - INFO - ------------------------------------------------------------
2025-11-12 03:28:24 - __main__ - INFO - Balance: $17.13 USDT
2025-11-12 03:28:24 - __main__ - INFO - Daily PnL: $-0.19 (-1.12%)
2025-11-12 03:28:24 - __main__ - INFO - Daily Trades: 0
2025-11-12 03:28:24 - __main__ - INFO - Total Trades: 8
2025-11-12 03:28:24 - __main__ - INFO - Win Rate: 62.5%
2025-11-12 03:28:24 - __main__ - INFO - Drawdown: 1.12%
2025-11-12 03:28:24 - __main__ - INFO - ------------------------------------------------------------
2025-11-12 03:28:24 - __main__ - INFO - Active Positions: 1
2025-11-12 03:28:24 - __main__ - INFO -   INJUSDT: SHORT | Entry: $7.63 | Current: $7.63 | PnL: -0.01% | TP: 0/1
2025-11-12 03:28:24 - __main__ - INFO - ============================================================
2025-11-12 03:28:24 - __main__ - INFO - Waiting 60 seconds...
2025-11-12 03:29:27 - __main__ - INFO - Waiting 60 seconds...
2025-11-12 03:30:30 - __main__ - INFO - Waiting 60 seconds...
2025-11-12 03:31:32 - __main__ - INFO - Waiting 60 seconds...
2025-11-12 03:32:35 - __main__ - INFO - Waiting 60 seconds...
2025-11-12 03:33:38 - __main__ - INFO - ============================================================
2025-11-12 03:33:38 - __main__ - INFO - Bot Status - Iteration #175
2025-11-12 03:33:38 - __main__ - INFO - Time: 2025-11-12 03:33:38
2025-11-12 03:33:38 - __main__ - INFO - ------------------------------------------------------------
2025-11-12 03:33:38 - __main__ - INFO - Balance: $17.13 USDT
2025-11-12 03:33:38 - __main__ - INFO - Daily PnL: $-0.19 (-1.12%)
2025-11-12 03:33:38 - __main__ - INFO - Daily Trades: 0
2025-11-12 03:33:38 - __main__ - INFO - Total Trades: 8
2025-11-12 03:33:38 - __main__ - INFO - Win Rate: 62.5%
2025-11-12 03:33:38 - __main__ - INFO - Drawdown: 1.12%
2025-11-12 03:33:38 - __main__ - INFO - ------------------------------------------------------------
2025-11-12 03:33:38 - __main__ - INFO - Active Positions: 1
2025-11-12 03:33:38 - __main__ - INFO -   INJUSDT: SHORT | Entry: $7.63 | Current: $7.58 | PnL: +0.60% | TP: 0/1
2025-11-12 03:33:38 - __main__ - INFO - ============================================================
2025-11-12 03:33:38 - __main__ - INFO - Waiting 60 seconds...
2025-11-12 03:34:41 - __main__ - INFO - INJUSDT: TP1 hit! Closed 100% | PnL: $0.07 (0.85%)
2025-11-12 03:34:42 - __main__ - INFO - Waiting 60 seconds...
2025-11-12 03:35:45 - __main__ - INFO - Waiting 60 seconds...
2025-11-12 03:36:47 - __main__ - INFO - SOLUSDT: SHORT signal (strength: 40, valid: True) - RSI oversold (28.3), Price at lower Bollinger Band, Strong downtrend (EMA alignment)
2025-11-12 03:36:48 - __main__ - INFO - SOLUSDT: Opening SHORT position...
2025-11-12 03:36:52 - __main__ - INFO - SOLUSDT: Position opened successfully!
2025-11-12 03:36:52 - __main__ - INFO -   Entry: $154.80
2025-11-12 03:36:52 - __main__ - INFO -   Quantity: 0.0500
2025-11-12 03:36:52 - __main__ - INFO -   Stop Loss: $156.14
2025-11-12 03:36:52 - __main__ - INFO -   Take Profits:
2025-11-12 03:36:52 - __main__ - INFO -     TP1: $153.59 (0.8%) - Close 100%
2025-11-12 03:36:52 - __main__ - INFO - Waiting 60 seconds...
2025-11-12 03:37:55 - __main__ - INFO - Waiting 60 seconds...
2025-11-12 03:38:59 - __main__ - INFO - ============================================================
2025-11-12 03:38:59 - __main__ - INFO - Bot Status - Iteration #180
2025-11-12 03:38:59 - __main__ - INFO - Time: 2025-11-12 03:38:59
2025-11-12 03:38:59 - __main__ - INFO - ------------------------------------------------------------
2025-11-12 03:38:59 - __main__ - INFO - Balance: $17.19 USDT
2025-11-12 03:38:59 - __main__ - INFO - Daily PnL: $-0.14 (-0.80%)
2025-11-12 03:38:59 - __main__ - INFO - Daily Trades: 0
2025-11-12 03:38:59 - __main__ - INFO - Total Trades: 9
2025-11-12 03:38:59 - __main__ - INFO - Win Rate: 66.7%
2025-11-12 03:38:59 - __main__ - INFO - Drawdown: 0.80%
2025-11-12 03:38:59 - __main__ - INFO - ------------------------------------------------------------
2025-11-12 03:38:59 - __main__ - INFO - Active Positions: 1
2025-11-12 03:38:59 - __main__ - INFO -   SOLUSDT: SHORT | Entry: $154.80 | Current: $155.19 | PnL: -0.25% | TP: 0/1
2025-11-12 03:38:59 - __main__ - INFO - ============================================================
2025-11-12 03:38:59 - __main__ - INFO - Waiting 60 seconds...
2025-11-12 03:40:02 - __main__ - INFO - Waiting 60 seconds...
2025-11-12 03:41:05 - __main__ - INFO - Waiting 60 seconds...
2025-11-12 03:42:07 - __main__ - INFO - Waiting 60 seconds...
2025-11-12 03:43:11 - __main__ - INFO - Waiting 60 seconds...
2025-11-12 03:44:15 - __main__ - INFO - ============================================================
2025-11-12 03:44:15 - __main__ - INFO - Bot Status - Iteration #185
2025-11-12 03:44:15 - __main__ - INFO - Time: 2025-11-12 03:44:15
2025-11-12 03:44:15 - __main__ - INFO - ------------------------------------------------------------
2025-11-12 03:44:15 - __main__ - INFO - Balance: $17.19 USDT
2025-11-12 03:44:15 - __main__ - INFO - Daily PnL: $-0.14 (-0.80%)
2025-11-12 03:44:15 - __main__ - INFO - Daily Trades: 0
2025-11-12 03:44:15 - __main__ - INFO - Total Trades: 9
2025-11-12 03:44:15 - __main__ - INFO - Win Rate: 66.7%
2025-11-12 03:44:15 - __main__ - INFO - Drawdown: 0.80%
2025-11-12 03:44:15 - __main__ - INFO - ------------------------------------------------------------
2025-11-12 03:44:15 - __main__ - INFO - Active Positions: 1
2025-11-12 03:44:15 - __main__ - INFO -   SOLUSDT: SHORT | Entry: $154.80 | Current: $155.24 | PnL: -0.28% | TP: 0/1
2025-11-12 03:44:15 - __main__ - INFO - ============================================================
2025-11-12 03:44:15 - __main__ - INFO - Waiting 60 seconds...
2025-11-12 03:45:17 - __main__ - INFO - Waiting 60 seconds...
2025-11-12 03:46:20 - __main__ - INFO - Waiting 60 seconds...
2025-11-12 03:47:23 - __main__ - INFO - Waiting 60 seconds...
2025-11-12 03:48:26 - __main__ - INFO - BNBUSDT: SHORT signal (strength: 40, valid: True) - Strong downtrend (EMA alignment), Price below SAR, AO bearish
2025-11-12 03:48:27 - __main__ - INFO - BNBUSDT: Opening SHORT position...
2025-11-12 03:48:27 - __main__ - WARNING - BNBUSDT: Failed to open position - Position size too small (min notional: $5.0)
2025-11-12 03:48:27 - __main__ - INFO - Waiting 60 seconds...
2025-11-12 03:49:31 - __main__ - INFO - ============================================================
2025-11-12 03:49:31 - __main__ - INFO - Bot Status - Iteration #190
2025-11-12 03:49:31 - __main__ - INFO - Time: 2025-11-12 03:49:31
2025-11-12 03:49:31 - __main__ - INFO - ------------------------------------------------------------
2025-11-12 03:49:31 - __main__ - INFO - Balance: $17.19 USDT
2025-11-12 03:49:31 - __main__ - INFO - Daily PnL: $-0.14 (-0.80%)
2025-11-12 03:49:31 - __main__ - INFO - Daily Trades: 0
2025-11-12 03:49:31 - __main__ - INFO - Total Trades: 9
2025-11-12 03:49:31 - __main__ - INFO - Win Rate: 66.7%
2025-11-12 03:49:31 - __main__ - INFO - Drawdown: 0.80%
2025-11-12 03:49:31 - __main__ - INFO - ------------------------------------------------------------
2025-11-12 03:49:31 - __main__ - INFO - Active Positions: 1
2025-11-12 03:49:31 - __main__ - INFO -   SOLUSDT: SHORT | Entry: $154.80 | Current: $154.35 | PnL: +0.29% | TP: 0/1
2025-11-12 03:49:31 - __main__ - INFO - ============================================================
2025-11-12 03:49:31 - __main__ - INFO - Waiting 60 seconds...
2025-11-12 03:50:33 - __main__ - INFO - Waiting 60 seconds...
2025-11-12 03:51:35 - __main__ - INFO - INJUSDT: SHORT signal (strength: 40, valid: True) - Strong downtrend (EMA alignment), Price below SAR, AO bearish
2025-11-12 03:51:36 - __main__ - INFO - INJUSDT: Opening SHORT position...
2025-11-12 03:51:40 - __main__ - INFO - INJUSDT: Position opened successfully!
2025-11-12 03:51:40 - __main__ - INFO -   Entry: $7.51
2025-11-12 03:51:40 - __main__ - INFO -   Quantity: 1.1000
2025-11-12 03:51:40 - __main__ - INFO -   Stop Loss: $7.62
2025-11-12 03:51:40 - __main__ - INFO -   Take Profits:
2025-11-12 03:51:40 - __main__ - INFO -     TP1: $7.45 (0.8%) - Close 100%
2025-11-12 03:51:40 - __main__ - INFO - Waiting 60 seconds...
2025-11-12 03:52:42 - __main__ - INFO - SOLUSDT: SHORT signal (strength: 60, valid: True) - RSI oversold (23.8), MACD bearish crossover, Price at lower Bollinger Band
2025-11-12 03:52:42 - __main__ - INFO - SOLUSDT: Cannot open position - Already have open position in SOLUSDT
2025-11-12 03:52:42 - __main__ - INFO - Waiting 60 seconds...
2025-11-12 03:53:46 - __main__ - INFO - Waiting 60 seconds...
2025-11-12 03:54:50 - __main__ - INFO - ============================================================
2025-11-12 03:54:50 - __main__ - INFO - Bot Status - Iteration #195
2025-11-12 03:54:50 - __main__ - INFO - Time: 2025-11-12 03:54:50
2025-11-12 03:54:50 - __main__ - INFO - ------------------------------------------------------------
2025-11-12 03:54:50 - __main__ - INFO - Balance: $17.18 USDT
2025-11-12 03:54:50 - __main__ - INFO - Daily PnL: $-0.14 (-0.83%)
2025-11-12 03:54:50 - __main__ - INFO - Daily Trades: 0
2025-11-12 03:54:50 - __main__ - INFO - Total Trades: 9
2025-11-12 03:54:50 - __main__ - INFO - Win Rate: 66.7%
2025-11-12 03:54:50 - __main__ - INFO - Drawdown: 0.83%
2025-11-12 03:54:50 - __main__ - INFO - ------------------------------------------------------------
2025-11-12 03:54:50 - __main__ - INFO - Active Positions: 2
2025-11-12 03:54:50 - __main__ - INFO -   SOLUSDT: SHORT | Entry: $154.80 | Current: $154.24 | PnL: +0.36% | TP: 0/1
2025-11-12 03:54:50 - __main__ - INFO -   INJUSDT: SHORT | Entry: $7.51 | Current: $7.53 | PnL: -0.13% | TP: 0/1
2025-11-12 03:54:50 - __main__ - INFO - ============================================================
2025-11-12 03:54:50 - __main__ - INFO - Waiting 60 seconds...
2025-11-12 03:55:52 - __main__ - INFO - Waiting 60 seconds...
2025-11-12 03:56:55 - __main__ - INFO - Waiting 60 seconds...
2025-11-12 03:57:59 - __main__ - INFO - Waiting 60 seconds...
2025-11-12 03:59:02 - __main__ - INFO - Waiting 60 seconds...
2025-11-12 04:00:08 - __main__ - INFO - ============================================================
2025-11-12 04:00:08 - __main__ - INFO - Bot Status - Iteration #200
2025-11-12 04:00:08 - __main__ - INFO - Time: 2025-11-12 04:00:08
2025-11-12 04:00:08 - __main__ - INFO - ------------------------------------------------------------
2025-11-12 04:00:08 - __main__ - INFO - Balance: $17.18 USDT
2025-11-12 04:00:08 - __main__ - INFO - Daily PnL: $-0.15 (-0.84%)
2025-11-12 04:00:08 - __main__ - INFO - Daily Trades: 0
2025-11-12 04:00:08 - __main__ - INFO - Total Trades: 9
2025-11-12 04:00:08 - __main__ - INFO - Win Rate: 66.7%
2025-11-12 04:00:08 - __main__ - INFO - Drawdown: 0.84%
2025-11-12 04:00:08 - __main__ - INFO - ------------------------------------------------------------
2025-11-12 04:00:08 - __main__ - INFO - Active Positions: 2
2025-11-12 04:00:08 - __main__ - INFO -   SOLUSDT: SHORT | Entry: $154.80 | Current: $154.49 | PnL: +0.20% | TP: 0/1
2025-11-12 04:00:08 - __main__ - INFO -   INJUSDT: SHORT | Entry: $7.51 | Current: $7.55 | PnL: -0.45% | TP: 0/1
2025-11-12 04:00:08 - __main__ - INFO - ============================================================
2025-11-12 04:00:08 - __main__ - INFO - Waiting 60 seconds...
2025-11-12 04:01:11 - __main__ - INFO - Waiting 60 seconds...
2025-11-12 04:02:14 - __main__ - INFO - Waiting 60 seconds...
2025-11-12 04:03:17 - __main__ - WARNING - INJUSDT: Stop loss hit | PnL: $-0.13 (-1.54%)
2025-11-12 04:03:19 - __main__ - INFO - Waiting 60 seconds...
2025-11-12 04:04:20 - __main__ - INFO - BNBUSDT: SHORT signal (strength: 40, valid: True) - Strong downtrend (EMA alignment), Price below SAR, AO bearish
2025-11-12 04:04:22 - __main__ - INFO - BNBUSDT: Opening SHORT position...
2025-11-12 04:04:22 - __main__ - WARNING - BNBUSDT: Failed to open position - Position size too small (min notional: $5.0)
2025-11-12 04:04:22 - __main__ - INFO - Waiting 60 seconds...
2025-11-12 04:05:25 - __main__ - INFO - ============================================================
2025-11-12 04:05:25 - __main__ - INFO - Bot Status - Iteration #205
2025-11-12 04:05:25 - __main__ - INFO - Time: 2025-11-12 04:05:25
2025-11-12 04:05:25 - __main__ - INFO - ------------------------------------------------------------
2025-11-12 04:05:25 - __main__ - INFO - Balance: $17.06 USDT
2025-11-12 04:05:25 - __main__ - INFO - Daily PnL: $-0.27 (-1.56%)
2025-11-12 04:05:25 - __main__ - INFO - Daily Trades: 0
2025-11-12 04:05:25 - __main__ - INFO - Total Trades: 10
2025-11-12 04:05:25 - __main__ - INFO - Win Rate: 60.0%
2025-11-12 04:05:25 - __main__ - INFO - Drawdown: 1.56%
2025-11-12 04:05:25 - __main__ - INFO - ------------------------------------------------------------
2025-11-12 04:05:25 - __main__ - INFO - Active Positions: 1
2025-11-12 04:05:25 - __main__ - INFO -   SOLUSDT: SHORT | Entry: $154.80 | Current: $155.01 | PnL: -0.14% | TP: 0/1
2025-11-12 04:05:25 - __main__ - INFO - ============================================================
2025-11-12 04:05:25 - __main__ - INFO - Waiting 60 seconds...
2025-11-12 04:06:28 - __main__ - INFO - Waiting 60 seconds...
2025-11-12 04:07:30 - __main__ - INFO - INJUSDT: SHORT signal (strength: 40, valid: True) - Strong downtrend (EMA alignment), Price below SAR, AO bearish
2025-11-12 04:07:31 - __main__ - INFO - INJUSDT: Opening SHORT position...
2025-11-12 04:07:35 - __main__ - INFO - INJUSDT: Position opened successfully!
2025-11-12 04:07:35 - __main__ - INFO -   Entry: $7.61
2025-11-12 04:07:35 - __main__ - INFO -   Quantity: 1.1000
2025-11-12 04:07:35 - __main__ - INFO -   Stop Loss: $7.72
2025-11-12 04:07:35 - __main__ - INFO -   Take Profits:
2025-11-12 04:07:35 - __main__ - INFO -     TP1: $7.55 (0.8%) - Close 100%
2025-11-12 04:07:35 - __main__ - INFO - Waiting 60 seconds...
2025-11-12 04:08:37 - __main__ - INFO - SOLUSDT: SHORT signal (strength: 40, valid: True) - Strong downtrend (EMA alignment), Price below SAR, AO bearish
2025-11-12 04:08:38 - __main__ - INFO - SOLUSDT: Cannot open position - Already have open position in SOLUSDT
2025-11-12 04:08:38 - __main__ - INFO - Waiting 60 seconds...
2025-11-12 04:09:40 - __main__ - INFO - Waiting 60 seconds...
2025-11-12 04:10:44 - __main__ - INFO - ============================================================
2025-11-12 04:10:44 - __main__ - INFO - Bot Status - Iteration #210
2025-11-12 04:10:44 - __main__ - INFO - Time: 2025-11-12 04:10:44
2025-11-12 04:10:44 - __main__ - INFO - ------------------------------------------------------------
2025-11-12 04:10:44 - __main__ - INFO - Balance: $17.05 USDT
2025-11-12 04:10:44 - __main__ - INFO - Daily PnL: $-0.27 (-1.58%)
2025-11-12 04:10:44 - __main__ - INFO - Daily Trades: 0
2025-11-12 04:10:44 - __main__ - INFO - Total Trades: 10
2025-11-12 04:10:44 - __main__ - INFO - Win Rate: 60.0%
2025-11-12 04:10:44 - __main__ - INFO - Drawdown: 1.58%
2025-11-12 04:10:44 - __main__ - INFO - ------------------------------------------------------------
2025-11-12 04:10:44 - __main__ - INFO - Active Positions: 2
2025-11-12 04:10:44 - __main__ - INFO -   SOLUSDT: SHORT | Entry: $154.80 | Current: $154.40 | PnL: +0.26% | TP: 0/1
2025-11-12 04:10:44 - __main__ - INFO -   INJUSDT: SHORT | Entry: $7.61 | Current: $7.58 | PnL: +0.39% | TP: 0/1
2025-11-12 04:10:44 - __main__ - INFO - ============================================================
2025-11-12 04:10:44 - __main__ - INFO - Waiting 60 seconds...
2025-11-12 04:11:46 - __main__ - INFO - Waiting 60 seconds...
2025-11-12 04:12:50 - __main__ - INFO - SOLUSDT: TP1 hit! Closed 100% | PnL: $0.06 (0.81%)
2025-11-12 04:12:50 - __main__ - INFO - INJUSDT: TP1 hit! Closed 100% | PnL: $0.11 (1.29%)
2025-11-12 04:12:51 - __main__ - INFO - Waiting 60 seconds...
2025-11-12 04:13:54 - __main__ - INFO - Waiting 60 seconds...
2025-11-12 04:14:57 - __main__ - INFO - Waiting 60 seconds...
2025-11-12 04:16:00 - __main__ - INFO - ============================================================
2025-11-12 04:16:00 - __main__ - INFO - Bot Status - Iteration #215
2025-11-12 04:16:00 - __main__ - INFO - Time: 2025-11-12 04:16:00
2025-11-12 04:16:00 - __main__ - INFO - ------------------------------------------------------------
2025-11-12 04:16:00 - __main__ - INFO - Balance: $17.21 USDT
2025-11-12 04:16:00 - __main__ - INFO - Daily PnL: $-0.12 (-0.69%)
2025-11-12 04:16:00 - __main__ - INFO - Daily Trades: 0
2025-11-12 04:16:00 - __main__ - INFO - Total Trades: 12
2025-11-12 04:16:00 - __main__ - INFO - Win Rate: 66.7%
2025-11-12 04:16:00 - __main__ - INFO - Drawdown: 0.69%
2025-11-12 04:16:00 - __main__ - INFO - ------------------------------------------------------------
2025-11-12 04:16:00 - __main__ - INFO - Active Positions: 0
2025-11-12 04:16:00 - __main__ - INFO - ============================================================
2025-11-12 04:16:00 - __main__ - INFO - Waiting 60 seconds...
2025-11-12 04:17:03 - __main__ - INFO - Waiting 60 seconds...
2025-11-12 04:18:05 - __main__ - INFO - Waiting 60 seconds...
2025-11-12 04:19:08 - __main__ - INFO - Waiting 60 seconds...
2025-11-12 04:20:10 - __main__ - INFO - BNBUSDT: SHORT signal (strength: 40, valid: True) - Strong downtrend (EMA alignment), Price below SAR, AO bearish
2025-11-12 04:20:11 - __main__ - INFO - BNBUSDT: Opening SHORT position...
2025-11-12 04:20:12 - __main__ - WARNING - BNBUSDT: Failed to open position - Position size too small (min notional: $5.0)
2025-11-12 04:20:12 - __main__ - INFO - Waiting 60 seconds...
2025-11-12 04:21:15 - __main__ - INFO - ============================================================
2025-11-12 04:21:15 - __main__ - INFO - Bot Status - Iteration #220
2025-11-12 04:21:15 - __main__ - INFO - Time: 2025-11-12 04:21:15
2025-11-12 04:21:15 - __main__ - INFO - ------------------------------------------------------------
2025-11-12 04:21:15 - __main__ - INFO - Balance: $17.21 USDT
2025-11-12 04:21:15 - __main__ - INFO - Daily PnL: $-0.12 (-0.69%)
2025-11-12 04:21:15 - __main__ - INFO - Daily Trades: 0
2025-11-12 04:21:15 - __main__ - INFO - Total Trades: 12
2025-11-12 04:21:15 - __main__ - INFO - Win Rate: 66.7%
2025-11-12 04:21:15 - __main__ - INFO - Drawdown: 0.69%
2025-11-12 04:21:15 - __main__ - INFO - ------------------------------------------------------------
2025-11-12 04:21:15 - __main__ - INFO - Active Positions: 0
2025-11-12 04:21:15 - __main__ - INFO - ============================================================
2025-11-12 04:21:15 - __main__ - INFO - Waiting 60 seconds...
2025-11-12 04:22:17 - __main__ - INFO - Waiting 60 seconds...
2025-11-12 04:23:19 - __main__ - INFO - INJUSDT: SHORT signal (strength: 40, valid: True) - Strong downtrend (EMA alignment), Price below SAR, AO bearish
2025-11-12 04:23:21 - __main__ - INFO - INJUSDT: Opening SHORT position...
2025-11-12 04:23:24 - __main__ - INFO - INJUSDT: Position opened successfully!
2025-11-12 04:23:24 - __main__ - INFO -   Entry: $7.61
2025-11-12 04:23:24 - __main__ - INFO -   Quantity: 1.1000
2025-11-12 04:23:24 - __main__ - INFO -   Stop Loss: $7.73
2025-11-12 04:23:24 - __main__ - INFO -   Take Profits:
2025-11-12 04:23:24 - __main__ - INFO -     TP1: $7.55 (0.8%) - Close 100%
2025-11-12 04:23:24 - __main__ - INFO - Waiting 60 seconds...
2025-11-12 04:24:26 - __main__ - INFO - SOLUSDT: SHORT signal (strength: 40, valid: True) - Strong downtrend (EMA alignment), Price below SAR, AO bearish
2025-11-12 04:24:27 - __main__ - INFO - SOLUSDT: Opening SHORT position...
2025-11-12 04:24:31 - __main__ - INFO - SOLUSDT: Position opened successfully!
2025-11-12 04:24:31 - __main__ - INFO -   Entry: $154.76
2025-11-12 04:24:31 - __main__ - INFO -   Quantity: 0.0500
2025-11-12 04:24:31 - __main__ - INFO -   Stop Loss: $156.15
2025-11-12 04:24:31 - __main__ - INFO -   Take Profits:
2025-11-12 04:24:31 - __main__ - INFO -     TP1: $153.45 (0.8%) - Close 100%
2025-11-12 04:24:31 - __main__ - INFO - Waiting 60 seconds...
2025-11-12 04:25:33 - __main__ - INFO - Waiting 60 seconds...
2025-11-12 04:26:37 - __main__ - INFO - ============================================================
2025-11-12 04:26:37 - __main__ - INFO - Bot Status - Iteration #225
2025-11-12 04:26:37 - __main__ - INFO - Time: 2025-11-12 04:26:37
2025-11-12 04:26:37 - __main__ - INFO - ------------------------------------------------------------
2025-11-12 04:26:37 - __main__ - INFO - Balance: $17.20 USDT
2025-11-12 04:26:37 - __main__ - INFO - Daily PnL: $-0.13 (-0.74%)
2025-11-12 04:26:37 - __main__ - INFO - Daily Trades: 0
2025-11-12 04:26:37 - __main__ - INFO - Total Trades: 12
2025-11-12 04:26:37 - __main__ - INFO - Win Rate: 66.7%
2025-11-12 04:26:37 - __main__ - INFO - Drawdown: 0.74%
2025-11-12 04:26:37 - __main__ - INFO - ------------------------------------------------------------
2025-11-12 04:26:37 - __main__ - INFO - Active Positions: 2
2025-11-12 04:26:37 - __main__ - INFO -   INJUSDT: SHORT | Entry: $7.61 | Current: $7.62 | PnL: -0.13% | TP: 0/1
2025-11-12 04:26:37 - __main__ - INFO -   SOLUSDT: SHORT | Entry: $154.76 | Current: $154.95 | PnL: -0.12% | TP: 0/1
2025-11-12 04:26:37 - __main__ - INFO - ============================================================
2025-11-12 04:26:37 - __main__ - INFO - Waiting 60 seconds...
2025-11-12 04:27:40 - __main__ - INFO - Waiting 60 seconds...
2025-11-12 04:28:42 - __main__ - INFO - Waiting 60 seconds...
2025-11-12 04:29:45 - __main__ - INFO - Waiting 60 seconds...
2025-11-12 04:30:47 - __main__ - INFO - Waiting 60 seconds...
2025-11-12 04:31:51 - __main__ - INFO - ============================================================
2025-11-12 04:31:51 - __main__ - INFO - Bot Status - Iteration #230
2025-11-12 04:31:51 - __main__ - INFO - Time: 2025-11-12 04:31:51
2025-11-12 04:31:51 - __main__ - INFO - ------------------------------------------------------------
2025-11-12 04:31:51 - __main__ - INFO - Balance: $17.20 USDT
2025-11-12 04:31:51 - __main__ - INFO - Daily PnL: $-0.13 (-0.74%)
2025-11-12 04:31:51 - __main__ - INFO - Daily Trades: 0
2025-11-12 04:31:51 - __main__ - INFO - Total Trades: 12
2025-11-12 04:31:51 - __main__ - INFO - Win Rate: 66.7%
2025-11-12 04:31:51 - __main__ - INFO - Drawdown: 0.74%
2025-11-12 04:31:51 - __main__ - INFO - ------------------------------------------------------------
2025-11-12 04:31:51 - __main__ - INFO - Active Positions: 2
2025-11-12 04:31:51 - __main__ - INFO -   INJUSDT: SHORT | Entry: $7.61 | Current: $7.60 | PnL: +0.12% | TP: 0/1
2025-11-12 04:31:51 - __main__ - INFO -   SOLUSDT: SHORT | Entry: $154.76 | Current: $154.68 | PnL: +0.05% | TP: 0/1
2025-11-12 04:31:51 - __main__ - INFO - ============================================================
2025-11-12 04:31:51 - __main__ - INFO - Waiting 60 seconds...
2025-11-12 04:32:54 - __main__ - INFO - Waiting 60 seconds...
2025-11-12 04:33:56 - __main__ - INFO - Waiting 60 seconds...
2025-11-12 04:34:59 - __main__ - INFO - Waiting 60 seconds...
2025-11-12 04:36:01 - __main__ - INFO - BNBUSDT: SHORT signal (strength: 40, valid: True) - Strong downtrend (EMA alignment), Price below SAR, AO bearish
2025-11-12 04:36:02 - __main__ - INFO - BNBUSDT: Opening SHORT position...
2025-11-12 04:36:03 - __main__ - WARNING - BNBUSDT: Failed to open position - Position size too small (min notional: $5.0)
2025-11-12 04:36:03 - __main__ - INFO - Waiting 60 seconds...
2025-11-12 04:37:06 - __main__ - INFO - ============================================================
2025-11-12 04:37:06 - __main__ - INFO - Bot Status - Iteration #235
2025-11-12 04:37:06 - __main__ - INFO - Time: 2025-11-12 04:37:06
2025-11-12 04:37:06 - __main__ - INFO - ------------------------------------------------------------
2025-11-12 04:37:06 - __main__ - INFO - Balance: $17.20 USDT
2025-11-12 04:37:06 - __main__ - INFO - Daily PnL: $-0.13 (-0.74%)
2025-11-12 04:37:06 - __main__ - INFO - Daily Trades: 0
2025-11-12 04:37:06 - __main__ - INFO - Total Trades: 12
2025-11-12 04:37:06 - __main__ - INFO - Win Rate: 66.7%
2025-11-12 04:37:06 - __main__ - INFO - Drawdown: 0.74%
2025-11-12 04:37:06 - __main__ - INFO - ------------------------------------------------------------
2025-11-12 04:37:06 - __main__ - INFO - Active Positions: 2
2025-11-12 04:37:06 - __main__ - INFO -   INJUSDT: SHORT | Entry: $7.61 | Current: $7.60 | PnL: +0.12% | TP: 0/1
2025-11-12 04:37:06 - __main__ - INFO -   SOLUSDT: SHORT | Entry: $154.76 | Current: $154.30 | PnL: +0.30% | TP: 0/1
2025-11-12 04:37:06 - __main__ - INFO - ============================================================
2025-11-12 04:37:06 - __main__ - INFO - Waiting 60 seconds...
2025-11-12 04:38:09 - __main__ - INFO - Waiting 60 seconds...
2025-11-12 04:39:10 - __main__ - INFO - INJUSDT: SHORT signal (strength: 40, valid: True) - Strong downtrend (EMA alignment), Price below SAR, AO bearish
2025-11-12 04:39:12 - __main__ - INFO - INJUSDT: Cannot open position - Already have open position in INJUSDT
2025-11-12 04:39:12 - __main__ - INFO - Waiting 60 seconds...
2025-11-12 04:40:14 - __main__ - INFO - SOLUSDT: SHORT signal (strength: 40, valid: True) - RSI oversold (24.2), Strong downtrend (EMA alignment), Price below SAR
2025-11-12 04:40:15 - __main__ - INFO - SOLUSDT: Cannot open position - Already have open position in SOLUSDT
2025-11-12 04:40:15 - __main__ - INFO - Waiting 60 seconds...
2025-11-12 04:41:18 - __main__ - INFO - Waiting 60 seconds...
2025-11-12 04:42:21 - __main__ - INFO - ============================================================
2025-11-12 04:42:21 - __main__ - INFO - Bot Status - Iteration #240
2025-11-12 04:42:21 - __main__ - INFO - Time: 2025-11-12 04:42:21
2025-11-12 04:42:21 - __main__ - INFO - ------------------------------------------------------------
2025-11-12 04:42:21 - __main__ - INFO - Balance: $17.20 USDT
2025-11-12 04:42:21 - __main__ - INFO - Daily PnL: $-0.13 (-0.74%)
2025-11-12 04:42:21 - __main__ - INFO - Daily Trades: 0
2025-11-12 04:42:21 - __main__ - INFO - Total Trades: 12
2025-11-12 04:42:21 - __main__ - INFO - Win Rate: 66.7%
2025-11-12 04:42:21 - __main__ - INFO - Drawdown: 0.74%
2025-11-12 04:42:21 - __main__ - INFO - ------------------------------------------------------------
2025-11-12 04:42:21 - __main__ - INFO - Active Positions: 2
2025-11-12 04:42:21 - __main__ - INFO -   INJUSDT: SHORT | Entry: $7.61 | Current: $7.56 | PnL: +0.54% | TP: 0/1
2025-11-12 04:42:21 - __main__ - INFO -   SOLUSDT: SHORT | Entry: $154.76 | Current: $153.95 | PnL: +0.52% | TP: 0/1
2025-11-12 04:42:21 - __main__ - INFO - ============================================================
2025-11-12 04:42:21 - __main__ - INFO - Waiting 60 seconds...
2025-11-12 04:43:24 - __main__ - INFO - Waiting 60 seconds...
2025-11-12 04:44:26 - __main__ - INFO - Waiting 60 seconds...
2025-11-12 04:45:29 - __main__ - INFO - Waiting 60 seconds...
2025-11-12 04:46:32 - __main__ - INFO - Waiting 60 seconds...
2025-11-12 04:47:35 - __main__ - INFO - ============================================================
2025-11-12 04:47:35 - __main__ - INFO - Bot Status - Iteration #245
2025-11-12 04:47:35 - __main__ - INFO - Time: 2025-11-12 04:47:35
2025-11-12 04:47:35 - __main__ - INFO - ------------------------------------------------------------
2025-11-12 04:47:35 - __main__ - INFO - Balance: $17.20 USDT
2025-11-12 04:47:35 - __main__ - INFO - Daily PnL: $-0.13 (-0.74%)
2025-11-12 04:47:35 - __main__ - INFO - Daily Trades: 0
2025-11-12 04:47:35 - __main__ - INFO - Total Trades: 12
2025-11-12 04:47:35 - __main__ - INFO - Win Rate: 66.7%
2025-11-12 04:47:35 - __main__ - INFO - Drawdown: 0.74%
2025-11-12 04:47:35 - __main__ - INFO - ------------------------------------------------------------
2025-11-12 04:47:35 - __main__ - INFO - Active Positions: 2
2025-11-12 04:47:35 - __main__ - INFO -   INJUSDT: SHORT | Entry: $7.61 | Current: $7.61 | PnL: -0.09% | TP: 0/1
2025-11-12 04:47:35 - __main__ - INFO -   SOLUSDT: SHORT | Entry: $154.76 | Current: $154.43 | PnL: +0.21% | TP: 0/1
2025-11-12 04:47:35 - __main__ - INFO - ============================================================
2025-11-12 04:47:35 - __main__ - INFO - Waiting 60 seconds...
2025-11-12 04:48:38 - __main__ - INFO - Waiting 60 seconds...
2025-11-12 04:49:41 - __main__ - INFO - Waiting 60 seconds...
2025-11-12 04:50:43 - __main__ - INFO - Waiting 60 seconds...
2025-11-12 04:51:46 - __main__ - INFO - Waiting 60 seconds...
2025-11-12 04:52:48 - __main__ - INFO - INJUSDT: TP1 hit! Closed 100% | PnL: $0.07 (0.80%)
2025-11-12 04:52:50 - __main__ - INFO - ============================================================
2025-11-12 04:52:50 - __main__ - INFO - Bot Status - Iteration #250
2025-11-12 04:52:50 - __main__ - INFO - Time: 2025-11-12 04:52:50
2025-11-12 04:52:50 - __main__ - INFO - ------------------------------------------------------------
2025-11-12 04:52:50 - __main__ - INFO - Balance: $17.26 USDT
2025-11-12 04:52:50 - __main__ - INFO - Daily PnL: $-0.06 (-0.37%)
2025-11-12 04:52:50 - __main__ - INFO - Daily Trades: 0
2025-11-12 04:52:50 - __main__ - INFO - Total Trades: 13
2025-11-12 04:52:50 - __main__ - INFO - Win Rate: 69.2%
2025-11-12 04:52:50 - __main__ - INFO - Drawdown: 0.37%
2025-11-12 04:52:50 - __main__ - INFO - ------------------------------------------------------------
2025-11-12 04:52:50 - __main__ - INFO - Active Positions: 1
2025-11-12 04:52:50 - __main__ - INFO -   SOLUSDT: SHORT | Entry: $154.76 | Current: $154.03 | PnL: +0.47% | TP: 0/1
2025-11-12 04:52:50 - __main__ - INFO - ============================================================
2025-11-12 04:52:50 - __main__ - INFO - Waiting 60 seconds...
2025-11-12 04:53:53 - __main__ - INFO - Waiting 60 seconds...
2025-11-12 04:54:56 - __main__ - INFO - Waiting 60 seconds...
2025-11-12 04:55:58 - __main__ - INFO - SOLUSDT: SHORT signal (strength: 40, valid: True) - RSI oversold (24.7), Strong downtrend (EMA alignment), Price below SAR
2025-11-12 04:55:59 - __main__ - INFO - SOLUSDT: Cannot open position - Already have open position in SOLUSDT
2025-11-12 04:55:59 - __main__ - INFO - Waiting 60 seconds...
2025-11-12 04:57:01 - __main__ - INFO - Waiting 60 seconds...
2025-11-12 04:58:04 - __main__ - INFO - ============================================================
2025-11-12 04:58:04 - __main__ - INFO - Bot Status - Iteration #255
2025-11-12 04:58:04 - __main__ - INFO - Time: 2025-11-12 04:58:04
2025-11-12 04:58:04 - __main__ - INFO - ------------------------------------------------------------
2025-11-12 04:58:04 - __main__ - INFO - Balance: $17.26 USDT
2025-11-12 04:58:04 - __main__ - INFO - Daily PnL: $-0.06 (-0.37%)
2025-11-12 04:58:04 - __main__ - INFO - Daily Trades: 0
2025-11-12 04:58:04 - __main__ - INFO - Total Trades: 13
2025-11-12 04:58:04 - __main__ - INFO - Win Rate: 69.2%
2025-11-12 04:58:04 - __main__ - INFO - Drawdown: 0.37%
2025-11-12 04:58:04 - __main__ - INFO - ------------------------------------------------------------
2025-11-12 04:58:04 - __main__ - INFO - Active Positions: 1
2025-11-12 04:58:04 - __main__ - INFO -   SOLUSDT: SHORT | Entry: $154.76 | Current: $154.24 | PnL: +0.34% | TP: 0/1
2025-11-12 04:58:04 - __main__ - INFO - ============================================================
2025-11-12 04:58:04 - __main__ - INFO - Waiting 60 seconds...
2025-11-12 04:59:07 - __main__ - INFO - Waiting 60 seconds...
2025-11-12 05:00:09 - __main__ - INFO - INJUSDT: SHORT signal (strength: 40, valid: True) - Strong downtrend (EMA alignment), Price below SAR, AO bearish
2025-11-12 05:00:10 - __main__ - INFO - XRPUSDT: SHORT signal (strength: 40, valid: True) - Strong downtrend (EMA alignment), Price below SAR, AO bearish
2025-11-12 05:00:11 - __main__ - INFO - INJUSDT: Opening SHORT position...
2025-11-12 05:00:14 - __main__ - INFO - INJUSDT: Position opened successfully!
2025-11-12 05:00:14 - __main__ - INFO -   Entry: $7.51
2025-11-12 05:00:14 - __main__ - INFO -   Quantity: 1.1000
2025-11-12 05:00:14 - __main__ - INFO -   Stop Loss: $7.62
2025-11-12 05:00:14 - __main__ - INFO -   Take Profits:
2025-11-12 05:00:14 - __main__ - INFO -     TP1: $7.45 (0.8%) - Close 100%
2025-11-12 05:00:15 - __main__ - INFO - XRPUSDT: Opening SHORT position...
2025-11-12 05:00:19 - __main__ - INFO - XRPUSDT: Position opened successfully!
2025-11-12 05:00:19 - __main__ - INFO -   Entry: $2.38
2025-11-12 05:00:19 - __main__ - INFO -   Quantity: 3.6000
2025-11-12 05:00:19 - __main__ - INFO -   Stop Loss: $2.40
2025-11-12 05:00:19 - __main__ - INFO -   Take Profits:
2025-11-12 05:00:19 - __main__ - INFO -     TP1: $2.36 (0.8%) - Close 100%
2025-11-12 05:00:19 - __main__ - INFO - Waiting 60 seconds...
2025-11-12 05:01:21 - __main__ - INFO - BNBUSDT: SHORT signal (strength: 55, valid: True) - MACD bearish crossover, Strong downtrend (EMA alignment), Price below SAR
2025-11-12 05:01:23 - __main__ - INFO - BNBUSDT: Opening SHORT position...
2025-11-12 05:01:23 - __main__ - WARNING - BNBUSDT: Failed to open position - Position size too small (min notional: $5.0)
2025-11-12 05:01:23 - __main__ - INFO - Waiting 60 seconds...
2025-11-12 05:02:26 - __main__ - INFO - Waiting 60 seconds...
2025-11-12 05:03:29 - __main__ - INFO - ============================================================
2025-11-12 05:03:29 - __main__ - INFO - Bot Status - Iteration #260
2025-11-12 05:03:29 - __main__ - INFO - Time: 2025-11-12 05:03:29
2025-11-12 05:03:29 - __main__ - INFO - ------------------------------------------------------------
2025-11-12 05:03:29 - __main__ - INFO - Balance: $17.25 USDT
2025-11-12 05:03:29 - __main__ - INFO - Daily PnL: $-0.07 (-0.42%)
2025-11-12 05:03:29 - __main__ - INFO - Daily Trades: 0
2025-11-12 05:03:29 - __main__ - INFO - Total Trades: 13
2025-11-12 05:03:29 - __main__ - INFO - Win Rate: 69.2%
2025-11-12 05:03:29 - __main__ - INFO - Drawdown: 0.42%
2025-11-12 05:03:29 - __main__ - INFO - ------------------------------------------------------------
2025-11-12 05:03:29 - __main__ - INFO - Active Positions: 3
2025-11-12 05:03:29 - __main__ - INFO -   SOLUSDT: SHORT | Entry: $154.76 | Current: $154.09 | PnL: +0.43% | TP: 0/1
2025-11-12 05:03:29 - __main__ - INFO -   INJUSDT: SHORT | Entry: $7.51 | Current: $7.57 | PnL: -0.69% | TP: 0/1
2025-11-12 05:03:29 - __main__ - INFO -   XRPUSDT: SHORT | Entry: $2.38 | Current: $2.39 | PnL: -0.15% | TP: 0/1
2025-11-12 05:03:29 - __main__ - INFO - ============================================================
2025-11-12 05:03:29 - __main__ - INFO - Waiting 60 seconds...
2025-11-12 05:04:32 - __main__ - INFO - Waiting 60 seconds...
2025-11-12 05:05:35 - __main__ - INFO - Waiting 60 seconds...
2025-11-12 05:06:38 - __main__ - INFO - Waiting 60 seconds...
2025-11-12 05:07:40 - __main__ - INFO - Waiting 60 seconds...
2025-11-12 05:08:44 - __main__ - INFO - ============================================================
2025-11-12 05:08:44 - __main__ - INFO - Bot Status - Iteration #265
2025-11-12 05:08:44 - __main__ - INFO - Time: 2025-11-12 05:08:44
2025-11-12 05:08:44 - __main__ - INFO - ------------------------------------------------------------
2025-11-12 05:08:44 - __main__ - INFO - Balance: $17.25 USDT
2025-11-12 05:08:44 - __main__ - INFO - Daily PnL: $-0.07 (-0.42%)
2025-11-12 05:08:44 - __main__ - INFO - Daily Trades: 0
2025-11-12 05:08:44 - __main__ - INFO - Total Trades: 13
2025-11-12 05:08:44 - __main__ - INFO - Win Rate: 69.2%
2025-11-12 05:08:44 - __main__ - INFO - Drawdown: 0.42%
2025-11-12 05:08:44 - __main__ - INFO - ------------------------------------------------------------
2025-11-12 05:08:44 - __main__ - INFO - Active Positions: 3
2025-11-12 05:08:44 - __main__ - INFO -   SOLUSDT: SHORT | Entry: $154.76 | Current: $154.46 | PnL: +0.19% | TP: 0/1
2025-11-12 05:08:44 - __main__ - INFO -   INJUSDT: SHORT | Entry: $7.51 | Current: $7.61 | PnL: -1.21% | TP: 0/1
2025-11-12 05:08:44 - __main__ - INFO -   XRPUSDT: SHORT | Entry: $2.38 | Current: $2.40 | PnL: -0.52% | TP: 0/1
2025-11-12 05:08:44 - __main__ - INFO - ============================================================
2025-11-12 05:08:44 - __main__ - INFO - Waiting 60 seconds...
2025-11-12 05:09:47 - __main__ - INFO - Waiting 60 seconds...
2025-11-12 05:10:50 - __main__ - WARNING - INJUSDT: Stop loss hit | PnL: $-0.14 (-1.72%)
2025-11-12 05:10:50 - __main__ - WARNING - XRPUSDT: Stop loss hit | PnL: $-0.06 (-0.75%)
2025-11-12 05:10:52 - __main__ - INFO - Waiting 60 seconds...
2025-11-12 05:11:54 - __main__ - INFO - Waiting 60 seconds...
2025-11-12 05:12:57 - __main__ - INFO - Waiting 60 seconds...
2025-11-12 05:14:00 - __main__ - INFO - ============================================================
2025-11-12 05:14:00 - __main__ - INFO - Bot Status - Iteration #270
2025-11-12 05:14:00 - __main__ - INFO - Time: 2025-11-12 05:14:00
2025-11-12 05:14:00 - __main__ - INFO - ------------------------------------------------------------
2025-11-12 05:14:00 - __main__ - INFO - Balance: $17.04 USDT
2025-11-12 05:14:00 - __main__ - INFO - Daily PnL: $-0.28 (-1.63%)
2025-11-12 05:14:00 - __main__ - INFO - Daily Trades: 0
2025-11-12 05:14:00 - __main__ - INFO - Total Trades: 15
2025-11-12 05:14:00 - __main__ - INFO - Win Rate: 60.0%
2025-11-12 05:14:00 - __main__ - INFO - Drawdown: 1.63%
2025-11-12 05:14:00 - __main__ - INFO - ------------------------------------------------------------
2025-11-12 05:14:00 - __main__ - INFO - Active Positions: 1
2025-11-12 05:14:00 - __main__ - INFO -   SOLUSDT: SHORT | Entry: $154.76 | Current: $154.67 | PnL: +0.06% | TP: 0/1
2025-11-12 05:14:00 - __main__ - INFO - ============================================================
2025-11-12 05:14:00 - __main__ - INFO - Waiting 60 seconds...
2025-11-12 05:15:04 - __main__ - INFO - Waiting 60 seconds...
2025-11-12 05:16:07 - __main__ - INFO - Waiting 60 seconds...
2025-11-12 05:17:10 - __main__ - INFO - Waiting 60 seconds...
2025-11-12 05:18:13 - __main__ - INFO - Waiting 60 seconds...
2025-11-12 05:19:16 - __main__ - INFO - ============================================================
2025-11-12 05:19:16 - __main__ - INFO - Bot Status - Iteration #275
2025-11-12 05:19:16 - __main__ - INFO - Time: 2025-11-12 05:19:16
2025-11-12 05:19:16 - __main__ - INFO - ------------------------------------------------------------
2025-11-12 05:19:16 - __main__ - INFO - Balance: $17.04 USDT
2025-11-12 05:19:16 - __main__ - INFO - Daily PnL: $-0.28 (-1.63%)
2025-11-12 05:19:16 - __main__ - INFO - Daily Trades: 0
2025-11-12 05:19:16 - __main__ - INFO - Total Trades: 15
2025-11-12 05:19:16 - __main__ - INFO - Win Rate: 60.0%
2025-11-12 05:19:16 - __main__ - INFO - Drawdown: 1.63%
2025-11-12 05:19:16 - __main__ - INFO - ------------------------------------------------------------
2025-11-12 05:19:16 - __main__ - INFO - Active Positions: 1
2025-11-12 05:19:16 - __main__ - INFO -   SOLUSDT: SHORT | Entry: $154.76 | Current: $155.21 | PnL: -0.29% | TP: 0/1
2025-11-12 05:19:16 - __main__ - INFO - ============================================================
2025-11-12 05:19:16 - __main__ - INFO - Waiting 60 seconds...
2025-11-12 05:20:19 - __main__ - INFO - Waiting 60 seconds...
2025-11-12 05:21:21 - __main__ - INFO - Waiting 60 seconds...
2025-11-12 05:22:24 - __main__ - INFO - Waiting 60 seconds...
2025-11-12 05:23:27 - __main__ - INFO - Waiting 60 seconds...
2025-11-12 05:24:30 - __main__ - INFO - ============================================================
2025-11-12 05:24:30 - __main__ - INFO - Bot Status - Iteration #280
2025-11-12 05:24:30 - __main__ - INFO - Time: 2025-11-12 05:24:30
2025-11-12 05:24:30 - __main__ - INFO - ------------------------------------------------------------
2025-11-12 05:24:30 - __main__ - INFO - Balance: $17.04 USDT
2025-11-12 05:24:30 - __main__ - INFO - Daily PnL: $-0.28 (-1.63%)
2025-11-12 05:24:30 - __main__ - INFO - Daily Trades: 0
2025-11-12 05:24:30 - __main__ - INFO - Total Trades: 15
2025-11-12 05:24:30 - __main__ - INFO - Win Rate: 60.0%
2025-11-12 05:24:30 - __main__ - INFO - Drawdown: 1.63%
2025-11-12 05:24:30 - __main__ - INFO - ------------------------------------------------------------
2025-11-12 05:24:30 - __main__ - INFO - Active Positions: 1
2025-11-12 05:24:30 - __main__ - INFO -   SOLUSDT: SHORT | Entry: $154.76 | Current: $154.69 | PnL: +0.05% | TP: 0/1
2025-11-12 05:24:30 - __main__ - INFO - ============================================================
2025-11-12 05:24:30 - __main__ - INFO - Waiting 60 seconds...
2025-11-12 05:25:32 - __main__ - INFO - Waiting 60 seconds...
2025-11-12 05:26:35 - __main__ - INFO - Waiting 60 seconds...
2025-11-12 05:27:38 - __main__ - INFO - Waiting 60 seconds...
2025-11-12 05:28:40 - __main__ - INFO - Waiting 60 seconds...
2025-11-12 05:29:44 - __main__ - INFO - ============================================================
2025-11-12 05:29:44 - __main__ - INFO - Bot Status - Iteration #285
2025-11-12 05:29:44 - __main__ - INFO - Time: 2025-11-12 05:29:44
2025-11-12 05:29:44 - __main__ - INFO - ------------------------------------------------------------
2025-11-12 05:29:44 - __main__ - INFO - Balance: $17.04 USDT
2025-11-12 05:29:44 - __main__ - INFO - Daily PnL: $-0.28 (-1.63%)
2025-11-12 05:29:44 - __main__ - INFO - Daily Trades: 0
2025-11-12 05:29:44 - __main__ - INFO - Total Trades: 15
2025-11-12 05:29:44 - __main__ - INFO - Win Rate: 60.0%
2025-11-12 05:29:44 - __main__ - INFO - Drawdown: 1.63%
2025-11-12 05:29:44 - __main__ - INFO - ------------------------------------------------------------
2025-11-12 05:29:44 - __main__ - INFO - Active Positions: 1
2025-11-12 05:29:44 - __main__ - INFO -   SOLUSDT: SHORT | Entry: $154.76 | Current: $154.81 | PnL: -0.03% | TP: 0/1
2025-11-12 05:29:44 - __main__ - INFO - ============================================================
2025-11-12 05:29:44 - __main__ - INFO - Waiting 60 seconds...
2025-11-12 05:30:47 - __main__ - INFO - Waiting 60 seconds...
2025-11-12 05:31:50 - __main__ - INFO - Waiting 60 seconds...
2025-11-12 05:32:53 - __main__ - INFO - Waiting 60 seconds...
2025-11-12 05:33:56 - __main__ - INFO - Waiting 60 seconds...
2025-11-12 05:34:59 - __main__ - INFO - ============================================================
2025-11-12 05:34:59 - __main__ - INFO - Bot Status - Iteration #290
2025-11-12 05:34:59 - __main__ - INFO - Time: 2025-11-12 05:34:59
2025-11-12 05:34:59 - __main__ - INFO - ------------------------------------------------------------
2025-11-12 05:34:59 - __main__ - INFO - Balance: $17.04 USDT
2025-11-12 05:34:59 - __main__ - INFO - Daily PnL: $-0.28 (-1.63%)
2025-11-12 05:34:59 - __main__ - INFO - Daily Trades: 0
2025-11-12 05:34:59 - __main__ - INFO - Total Trades: 15
2025-11-12 05:34:59 - __main__ - INFO - Win Rate: 60.0%
2025-11-12 05:35:00 - __main__ - INFO - Drawdown: 1.63%
2025-11-12 05:35:00 - __main__ - INFO - ------------------------------------------------------------
2025-11-12 05:35:00 - __main__ - INFO - Active Positions: 1
2025-11-12 05:35:00 - __main__ - INFO -   SOLUSDT: SHORT | Entry: $154.76 | Current: $155.04 | PnL: -0.18% | TP: 0/1
2025-11-12 05:35:00 - __main__ - INFO - ============================================================
2025-11-12 05:35:00 - __main__ - INFO - Waiting 60 seconds...
2025-11-12 05:36:02 - __main__ - INFO - Waiting 60 seconds...
2025-11-12 05:37:05 - __main__ - INFO - Waiting 60 seconds...
2025-11-12 05:38:08 - __main__ - INFO - Waiting 60 seconds...
2025-11-12 05:39:11 - __main__ - INFO - Waiting 60 seconds...
2025-11-12 05:40:14 - __main__ - INFO - ============================================================
2025-11-12 05:40:14 - __main__ - INFO - Bot Status - Iteration #295
2025-11-12 05:40:14 - __main__ - INFO - Time: 2025-11-12 05:40:14
2025-11-12 05:40:14 - __main__ - INFO - ------------------------------------------------------------
2025-11-12 05:40:14 - __main__ - INFO - Balance: $17.04 USDT
2025-11-12 05:40:14 - __main__ - INFO - Daily PnL: $-0.28 (-1.63%)
2025-11-12 05:40:14 - __main__ - INFO - Daily Trades: 0
2025-11-12 05:40:14 - __main__ - INFO - Total Trades: 15
2025-11-12 05:40:14 - __main__ - INFO - Win Rate: 60.0%
2025-11-12 05:40:14 - __main__ - INFO - Drawdown: 1.63%
2025-11-12 05:40:14 - __main__ - INFO - ------------------------------------------------------------
2025-11-12 05:40:14 - __main__ - INFO - Active Positions: 1
2025-11-12 05:40:14 - __main__ - INFO -   SOLUSDT: SHORT | Entry: $154.76 | Current: $155.12 | PnL: -0.23% | TP: 0/1
2025-11-12 05:40:14 - __main__ - INFO - ============================================================
2025-11-12 05:40:14 - __main__ - INFO - Waiting 60 seconds...
2025-11-12 05:41:17 - __main__ - INFO - Waiting 60 seconds...
2025-11-12 05:42:19 - __main__ - INFO - Waiting 60 seconds...
2025-11-12 05:43:22 - __main__ - INFO - Waiting 60 seconds...
2025-11-12 05:44:25 - __main__ - INFO - Waiting 60 seconds...
2025-11-12 05:45:28 - __main__ - INFO - ============================================================
2025-11-12 05:45:28 - __main__ - INFO - Bot Status - Iteration #300
2025-11-12 05:45:28 - __main__ - INFO - Time: 2025-11-12 05:45:28
2025-11-12 05:45:28 - __main__ - INFO - ------------------------------------------------------------
2025-11-12 05:45:28 - __main__ - INFO - Balance: $17.04 USDT
2025-11-12 05:45:28 - __main__ - INFO - Daily PnL: $-0.28 (-1.63%)
2025-11-12 05:45:28 - __main__ - INFO - Daily Trades: 0
2025-11-12 05:45:28 - __main__ - INFO - Total Trades: 15
2025-11-12 05:45:28 - __main__ - INFO - Win Rate: 60.0%
2025-11-12 05:45:28 - __main__ - INFO - Drawdown: 1.63%
2025-11-12 05:45:28 - __main__ - INFO - ------------------------------------------------------------
2025-11-12 05:45:28 - __main__ - INFO - Active Positions: 1
2025-11-12 05:45:28 - __main__ - INFO -   SOLUSDT: SHORT | Entry: $154.76 | Current: $154.97 | PnL: -0.14% | TP: 0/1
2025-11-12 05:45:28 - __main__ - INFO - ============================================================
2025-11-12 05:45:28 - __main__ - INFO - Waiting 60 seconds...
2025-11-12 05:46:31 - __main__ - INFO - Waiting 60 seconds...
2025-11-12 05:47:34 - __main__ - INFO - Waiting 60 seconds...
2025-11-12 05:48:36 - __main__ - INFO - Waiting 60 seconds...
2025-11-12 05:49:39 - __main__ - INFO - Waiting 60 seconds...
2025-11-12 05:50:42 - __main__ - INFO - ============================================================
2025-11-12 05:50:42 - __main__ - INFO - Bot Status - Iteration #305
2025-11-12 05:50:42 - __main__ - INFO - Time: 2025-11-12 05:50:42
2025-11-12 05:50:42 - __main__ - INFO - ------------------------------------------------------------
2025-11-12 05:50:42 - __main__ - INFO - Balance: $17.04 USDT
2025-11-12 05:50:42 - __main__ - INFO - Daily PnL: $-0.28 (-1.63%)
2025-11-12 05:50:42 - __main__ - INFO - Daily Trades: 0
2025-11-12 05:50:42 - __main__ - INFO - Total Trades: 15
2025-11-12 05:50:42 - __main__ - INFO - Win Rate: 60.0%
2025-11-12 05:50:42 - __main__ - INFO - Drawdown: 1.63%
2025-11-12 05:50:42 - __main__ - INFO - ------------------------------------------------------------
2025-11-12 05:50:42 - __main__ - INFO - Active Positions: 1
2025-11-12 05:50:42 - __main__ - INFO -   SOLUSDT: SHORT | Entry: $154.76 | Current: $155.14 | PnL: -0.25% | TP: 0/1
2025-11-12 05:50:42 - __main__ - INFO - ============================================================
2025-11-12 05:50:42 - __main__ - INFO - Waiting 60 seconds...
2025-11-12 05:51:45 - __main__ - INFO - Waiting 60 seconds...
2025-11-12 05:52:48 - __main__ - INFO - Waiting 60 seconds...
2025-11-12 05:53:50 - __main__ - INFO - Waiting 60 seconds...
2025-11-12 05:54:53 - __main__ - INFO - Waiting 60 seconds...
2025-11-12 05:55:56 - __main__ - INFO - ============================================================
2025-11-12 05:55:56 - __main__ - INFO - Bot Status - Iteration #310
2025-11-12 05:55:56 - __main__ - INFO - Time: 2025-11-12 05:55:56
2025-11-12 05:55:56 - __main__ - INFO - ------------------------------------------------------------
2025-11-12 05:55:56 - __main__ - INFO - Balance: $17.04 USDT
2025-11-12 05:55:56 - __main__ - INFO - Daily PnL: $-0.28 (-1.63%)
2025-11-12 05:55:56 - __main__ - INFO - Daily Trades: 0
2025-11-12 05:55:56 - __main__ - INFO - Total Trades: 15
2025-11-12 05:55:56 - __main__ - INFO - Win Rate: 60.0%
2025-11-12 05:55:56 - __main__ - INFO - Drawdown: 1.63%
2025-11-12 05:55:56 - __main__ - INFO - ------------------------------------------------------------
2025-11-12 05:55:56 - __main__ - INFO - Active Positions: 1
2025-11-12 05:55:56 - __main__ - INFO -   SOLUSDT: SHORT | Entry: $154.76 | Current: $155.36 | PnL: -0.39% | TP: 0/1
2025-11-12 05:55:56 - __main__ - INFO - ============================================================
2025-11-12 05:55:56 - __main__ - INFO - Waiting 60 seconds...
2025-11-12 05:56:59 - __main__ - INFO - Waiting 60 seconds...
2025-11-12 05:58:02 - __main__ - INFO - Waiting 60 seconds...
2025-11-12 05:59:05 - __main__ - INFO - Waiting 60 seconds...
2025-11-12 06:00:09 - __main__ - INFO - Waiting 60 seconds...
2025-11-12 06:01:12 - __main__ - INFO - ============================================================
2025-11-12 06:01:12 - __main__ - INFO - Bot Status - Iteration #315
2025-11-12 06:01:12 - __main__ - INFO - Time: 2025-11-12 06:01:12
2025-11-12 06:01:12 - __main__ - INFO - ------------------------------------------------------------
2025-11-12 06:01:12 - __main__ - INFO - Balance: $17.04 USDT
2025-11-12 06:01:12 - __main__ - INFO - Daily PnL: $-0.28 (-1.63%)
2025-11-12 06:01:12 - __main__ - INFO - Daily Trades: 0
2025-11-12 06:01:12 - __main__ - INFO - Total Trades: 15
2025-11-12 06:01:12 - __main__ - INFO - Win Rate: 60.0%
2025-11-12 06:01:12 - __main__ - INFO - Drawdown: 1.63%
2025-11-12 06:01:12 - __main__ - INFO - ------------------------------------------------------------
2025-11-12 06:01:12 - __main__ - INFO - Active Positions: 1
2025-11-12 06:01:12 - __main__ - INFO -   SOLUSDT: SHORT | Entry: $154.76 | Current: $155.28 | PnL: -0.34% | TP: 0/1
2025-11-12 06:01:12 - __main__ - INFO - ============================================================
2025-11-12 06:01:12 - __main__ - INFO - Waiting 60 seconds...
2025-11-12 06:02:15 - __main__ - INFO - Waiting 60 seconds...
2025-11-12 06:03:17 - __main__ - INFO - Waiting 60 seconds...
2025-11-12 06:04:20 - __main__ - INFO - Waiting 60 seconds...
2025-11-12 06:05:23 - __main__ - INFO - Waiting 60 seconds...
2025-11-12 06:06:27 - __main__ - INFO - ============================================================
2025-11-12 06:06:27 - __main__ - INFO - Bot Status - Iteration #320
2025-11-12 06:06:27 - __main__ - INFO - Time: 2025-11-12 06:06:27
2025-11-12 06:06:27 - __main__ - INFO - ------------------------------------------------------------
2025-11-12 06:06:27 - __main__ - INFO - Balance: $17.04 USDT
2025-11-12 06:06:27 - __main__ - INFO - Daily PnL: $-0.28 (-1.63%)
2025-11-12 06:06:27 - __main__ - INFO - Daily Trades: 0
2025-11-12 06:06:27 - __main__ - INFO - Total Trades: 15
2025-11-12 06:06:27 - __main__ - INFO - Win Rate: 60.0%
2025-11-12 06:06:27 - __main__ - INFO - Drawdown: 1.63%
2025-11-12 06:06:27 - __main__ - INFO - ------------------------------------------------------------
2025-11-12 06:06:27 - __main__ - INFO - Active Positions: 1
2025-11-12 06:06:27 - __main__ - INFO -   SOLUSDT: SHORT | Entry: $154.76 | Current: $155.21 | PnL: -0.29% | TP: 0/1
2025-11-12 06:06:27 - __main__ - INFO - ============================================================
2025-11-12 06:06:27 - __main__ - INFO - Waiting 60 seconds...
2025-11-12 06:07:29 - __main__ - INFO - Waiting 60 seconds...
2025-11-12 06:08:32 - __main__ - INFO - Waiting 60 seconds...
2025-11-12 06:09:35 - __main__ - INFO - Waiting 60 seconds...
2025-11-12 06:10:38 - __main__ - INFO - Waiting 60 seconds...
2025-11-12 06:11:41 - __main__ - INFO - ============================================================
2025-11-12 06:11:41 - __main__ - INFO - Bot Status - Iteration #325
2025-11-12 06:11:41 - __main__ - INFO - Time: 2025-11-12 06:11:41
2025-11-12 06:11:41 - __main__ - INFO - ------------------------------------------------------------
2025-11-12 06:11:41 - __main__ - INFO - Balance: $17.04 USDT
2025-11-12 06:11:41 - __main__ - INFO - Daily PnL: $-0.28 (-1.63%)
2025-11-12 06:11:41 - __main__ - INFO - Daily Trades: 0
2025-11-12 06:11:41 - __main__ - INFO - Total Trades: 15
2025-11-12 06:11:41 - __main__ - INFO - Win Rate: 60.0%
2025-11-12 06:11:41 - __main__ - INFO - Drawdown: 1.63%
2025-11-12 06:11:41 - __main__ - INFO - ------------------------------------------------------------
2025-11-12 06:11:41 - __main__ - INFO - Active Positions: 1
2025-11-12 06:11:41 - __main__ - INFO -   SOLUSDT: SHORT | Entry: $154.76 | Current: $155.24 | PnL: -0.31% | TP: 0/1
2025-11-12 06:11:41 - __main__ - INFO - ============================================================
2025-11-12 06:11:41 - __main__ - INFO - Waiting 60 seconds...
2025-11-12 06:12:44 - __main__ - INFO - Waiting 60 seconds...
2025-11-12 06:13:47 - __main__ - INFO - Waiting 60 seconds...
2025-11-12 06:14:49 - __main__ - INFO - Waiting 60 seconds...
2025-11-12 06:15:52 - __main__ - INFO - Waiting 60 seconds...
2025-11-12 06:16:55 - __main__ - INFO - ============================================================
2025-11-12 06:16:55 - __main__ - INFO - Bot Status - Iteration #330
2025-11-12 06:16:55 - __main__ - INFO - Time: 2025-11-12 06:16:55
2025-11-12 06:16:55 - __main__ - INFO - ------------------------------------------------------------
2025-11-12 06:16:55 - __main__ - INFO - Balance: $17.04 USDT
2025-11-12 06:16:55 - __main__ - INFO - Daily PnL: $-0.28 (-1.63%)
2025-11-12 06:16:55 - __main__ - INFO - Daily Trades: 0
2025-11-12 06:16:55 - __main__ - INFO - Total Trades: 15
2025-11-12 06:16:55 - __main__ - INFO - Win Rate: 60.0%
2025-11-12 06:16:55 - __main__ - INFO - Drawdown: 1.63%
2025-11-12 06:16:55 - __main__ - INFO - ------------------------------------------------------------
2025-11-12 06:16:55 - __main__ - INFO - Active Positions: 1
2025-11-12 06:16:55 - __main__ - INFO -   SOLUSDT: SHORT | Entry: $154.76 | Current: $155.32 | PnL: -0.36% | TP: 0/1
2025-11-12 06:16:55 - __main__ - INFO - ============================================================
2025-11-12 06:16:55 - __main__ - INFO - Waiting 60 seconds...
2025-11-12 06:17:58 - __main__ - INFO - Waiting 60 seconds...
2025-11-12 06:19:00 - __main__ - INFO - Waiting 60 seconds...
2025-11-12 06:20:04 - __main__ - INFO - Waiting 60 seconds...
2025-11-12 06:21:07 - __main__ - INFO - Waiting 60 seconds...
2025-11-12 06:22:10 - __main__ - INFO - ============================================================
2025-11-12 06:22:10 - __main__ - INFO - Bot Status - Iteration #335
2025-11-12 06:22:10 - __main__ - INFO - Time: 2025-11-12 06:22:10
2025-11-12 06:22:10 - __main__ - INFO - ------------------------------------------------------------
2025-11-12 06:22:10 - __main__ - INFO - Balance: $17.04 USDT
2025-11-12 06:22:10 - __main__ - INFO - Daily PnL: $-0.28 (-1.63%)
2025-11-12 06:22:10 - __main__ - INFO - Daily Trades: 0
2025-11-12 06:22:10 - __main__ - INFO - Total Trades: 15
2025-11-12 06:22:10 - __main__ - INFO - Win Rate: 60.0%
2025-11-12 06:22:10 - __main__ - INFO - Drawdown: 1.63%
2025-11-12 06:22:10 - __main__ - INFO - ------------------------------------------------------------
2025-11-12 06:22:10 - __main__ - INFO - Active Positions: 1
2025-11-12 06:22:10 - __main__ - INFO -   SOLUSDT: SHORT | Entry: $154.76 | Current: $154.48 | PnL: +0.18% | TP: 0/1
2025-11-12 06:22:10 - __main__ - INFO - ============================================================
2025-11-12 06:22:10 - __main__ - INFO - Waiting 60 seconds...
2025-11-12 06:23:13 - __main__ - INFO - Waiting 60 seconds...
2025-11-12 06:24:15 - __main__ - INFO - Waiting 60 seconds...
2025-11-12 06:25:18 - __main__ - INFO - Waiting 60 seconds...
2025-11-12 06:26:20 - __main__ - INFO - Waiting 60 seconds...
2025-11-12 06:27:23 - __main__ - INFO - ============================================================
2025-11-12 06:27:23 - __main__ - INFO - Bot Status - Iteration #340
2025-11-12 06:27:23 - __main__ - INFO - Time: 2025-11-12 06:27:23
2025-11-12 06:27:23 - __main__ - INFO - ------------------------------------------------------------
2025-11-12 06:27:23 - __main__ - INFO - Balance: $17.04 USDT
2025-11-12 06:27:23 - __main__ - INFO - Daily PnL: $-0.28 (-1.63%)
2025-11-12 06:27:23 - __main__ - INFO - Daily Trades: 0
2025-11-12 06:27:23 - __main__ - INFO - Total Trades: 15
2025-11-12 06:27:23 - __main__ - INFO - Win Rate: 60.0%
2025-11-12 06:27:23 - __main__ - INFO - Drawdown: 1.63%
2025-11-12 06:27:23 - __main__ - INFO - ------------------------------------------------------------
2025-11-12 06:27:23 - __main__ - INFO - Active Positions: 1
2025-11-12 06:27:23 - __main__ - INFO -   SOLUSDT: SHORT | Entry: $154.76 | Current: $154.51 | PnL: +0.16% | TP: 0/1
2025-11-12 06:27:23 - __main__ - INFO - ============================================================
2025-11-12 06:27:23 - __main__ - INFO - Waiting 60 seconds...
2025-11-12 06:28:26 - __main__ - INFO - Waiting 60 seconds...
2025-11-12 06:29:29 - __main__ - INFO - Waiting 60 seconds...
2025-11-12 06:30:31 - __main__ - INFO - Waiting 60 seconds...
2025-11-12 06:31:34 - __main__ - INFO - Waiting 60 seconds...
2025-11-12 06:32:37 - __main__ - INFO - ============================================================
2025-11-12 06:32:37 - __main__ - INFO - Bot Status - Iteration #345
2025-11-12 06:32:37 - __main__ - INFO - Time: 2025-11-12 06:32:37
2025-11-12 06:32:37 - __main__ - INFO - ------------------------------------------------------------
2025-11-12 06:32:37 - __main__ - INFO - Balance: $17.04 USDT
2025-11-12 06:32:37 - __main__ - INFO - Daily PnL: $-0.28 (-1.63%)
2025-11-12 06:32:37 - __main__ - INFO - Daily Trades: 0
2025-11-12 06:32:37 - __main__ - INFO - Total Trades: 15
2025-11-12 06:32:37 - __main__ - INFO - Win Rate: 60.0%
2025-11-12 06:32:37 - __main__ - INFO - Drawdown: 1.63%
2025-11-12 06:32:37 - __main__ - INFO - ------------------------------------------------------------
2025-11-12 06:32:37 - __main__ - INFO - Active Positions: 1
2025-11-12 06:32:37 - __main__ - INFO -   SOLUSDT: SHORT | Entry: $154.76 | Current: $153.88 | PnL: +0.57% | TP: 0/1
2025-11-12 06:32:37 - __main__ - INFO - ============================================================
2025-11-12 06:32:37 - __main__ - INFO - Waiting 60 seconds...
2025-11-12 06:33:40 - __main__ - INFO - Waiting 60 seconds...
2025-11-12 06:34:41 - __main__ - INFO - INJUSDT: SHORT signal (strength: 40, valid: True) - Strong downtrend (EMA alignment), Price below SAR, AO bearish
2025-11-12 06:34:42 - __main__ - INFO - SOLUSDT: SHORT signal (strength: 40, valid: True) - Strong downtrend (EMA alignment), Price below SAR, AO bearish
2025-11-12 06:34:42 - __main__ - INFO - XRPUSDT: SHORT signal (strength: 40, valid: True) - Strong downtrend (EMA alignment), Price below SAR, AO bearish
2025-11-12 06:34:43 - __main__ - INFO - INJUSDT: Opening SHORT position...
2025-11-12 06:34:47 - __main__ - INFO - INJUSDT: Position opened successfully!
2025-11-12 06:34:47 - __main__ - INFO -   Entry: $7.53
2025-11-12 06:34:47 - __main__ - INFO -   Quantity: 1.1000
2025-11-12 06:34:47 - __main__ - INFO -   Stop Loss: $7.64
2025-11-12 06:34:47 - __main__ - INFO -   Take Profits:
2025-11-12 06:34:47 - __main__ - INFO -     TP1: $7.47 (0.8%) - Close 100%
2025-11-12 06:34:47 - __main__ - INFO - SOLUSDT: Cannot open position - Already have open position in SOLUSDT
2025-11-12 06:34:47 - __main__ - INFO - XRPUSDT: Opening SHORT position...
2025-11-12 06:34:51 - __main__ - INFO - XRPUSDT: Position opened successfully!
2025-11-12 06:34:51 - __main__ - INFO -   Entry: $2.39
2025-11-12 06:34:51 - __main__ - INFO -   Quantity: 3.5000
2025-11-12 06:34:51 - __main__ - INFO -   Stop Loss: $2.40
2025-11-12 06:34:51 - __main__ - INFO -   Take Profits:
2025-11-12 06:34:51 - __main__ - INFO -     TP1: $2.37 (0.8%) - Close 100%
2025-11-12 06:34:51 - __main__ - INFO - Waiting 60 seconds...
2025-11-12 06:35:54 - __main__ - INFO - Waiting 60 seconds...
2025-11-12 06:36:56 - __main__ - INFO - Waiting 60 seconds...
2025-11-12 06:38:00 - __main__ - INFO - ============================================================
2025-11-12 06:38:00 - __main__ - INFO - Bot Status - Iteration #350
2025-11-12 06:38:00 - __main__ - INFO - Time: 2025-11-12 06:38:00
2025-11-12 06:38:00 - __main__ - INFO - ------------------------------------------------------------
2025-11-12 06:38:00 - __main__ - INFO - Balance: $17.04 USDT
2025-11-12 06:38:00 - __main__ - INFO - Daily PnL: $-0.29 (-1.68%)
2025-11-12 06:38:00 - __main__ - INFO - Daily Trades: 0
2025-11-12 06:38:00 - __main__ - INFO - Total Trades: 15
2025-11-12 06:38:00 - __main__ - INFO - Win Rate: 60.0%
2025-11-12 06:38:00 - __main__ - INFO - Drawdown: 1.68%
2025-11-12 06:38:00 - __main__ - INFO - ------------------------------------------------------------
2025-11-12 06:38:00 - __main__ - INFO - Active Positions: 3
2025-11-12 06:38:00 - __main__ - INFO -   SOLUSDT: SHORT | Entry: $154.76 | Current: $154.00 | PnL: +0.49% | TP: 0/1
2025-11-12 06:38:00 - __main__ - INFO -   INJUSDT: SHORT | Entry: $7.53 | Current: $7.54 | PnL: -0.17% | TP: 0/1
2025-11-12 06:38:00 - __main__ - INFO -   XRPUSDT: SHORT | Entry: $2.39 | Current: $2.39 | PnL: -0.04% | TP: 0/1
2025-11-12 06:38:00 - __main__ - INFO - ============================================================
2025-11-12 06:38:00 - __main__ - INFO - Waiting 60 seconds...
2025-11-12 06:39:03 - __main__ - INFO - Waiting 60 seconds...
2025-11-12 06:40:06 - __main__ - INFO - Waiting 60 seconds...
2025-11-12 06:41:09 - __main__ - INFO - Waiting 60 seconds...
2025-11-12 06:42:11 - __main__ - INFO - Waiting 60 seconds...
2025-11-12 06:43:15 - __main__ - INFO - ============================================================
2025-11-12 06:43:15 - __main__ - INFO - Bot Status - Iteration #355
2025-11-12 06:43:15 - __main__ - INFO - Time: 2025-11-12 06:43:15
2025-11-12 06:43:15 - __main__ - INFO - ------------------------------------------------------------
2025-11-12 06:43:15 - __main__ - INFO - Balance: $17.04 USDT
2025-11-12 06:43:15 - __main__ - INFO - Daily PnL: $-0.29 (-1.68%)
2025-11-12 06:43:15 - __main__ - INFO - Daily Trades: 0
2025-11-12 06:43:15 - __main__ - INFO - Total Trades: 15
2025-11-12 06:43:15 - __main__ - INFO - Win Rate: 60.0%
2025-11-12 06:43:15 - __main__ - INFO - Drawdown: 1.68%
2025-11-12 06:43:15 - __main__ - INFO - ------------------------------------------------------------
2025-11-12 06:43:15 - __main__ - INFO - Active Positions: 3
2025-11-12 06:43:15 - __main__ - INFO -   SOLUSDT: SHORT | Entry: $154.76 | Current: $153.94 | PnL: +0.53% | TP: 0/1
2025-11-12 06:43:15 - __main__ - INFO -   INJUSDT: SHORT | Entry: $7.53 | Current: $7.57 | PnL: -0.54% | TP: 0/1
2025-11-12 06:43:15 - __main__ - INFO -   XRPUSDT: SHORT | Entry: $2.39 | Current: $2.39 | PnL: -0.17% | TP: 0/1
2025-11-12 06:43:15 - __main__ - INFO - ============================================================
2025-11-12 06:43:15 - __main__ - INFO - Waiting 60 seconds...
2025-11-12 06:44:18 - __main__ - INFO - Waiting 60 seconds...
2025-11-12 06:45:20 - __main__ - INFO - Waiting 60 seconds...
2025-11-12 06:46:23 - __main__ - INFO - Waiting 60 seconds...
2025-11-12 06:47:25 - __main__ - INFO - Waiting 60 seconds...
2025-11-12 06:48:29 - __main__ - INFO - ============================================================
2025-11-12 06:48:29 - __main__ - INFO - Bot Status - Iteration #360
2025-11-12 06:48:29 - __main__ - INFO - Time: 2025-11-12 06:48:29
2025-11-12 06:48:29 - __main__ - INFO - ------------------------------------------------------------
2025-11-12 06:48:29 - __main__ - INFO - Balance: $17.04 USDT
2025-11-12 06:48:29 - __main__ - INFO - Daily PnL: $-0.29 (-1.68%)
2025-11-12 06:48:29 - __main__ - INFO - Daily Trades: 0
2025-11-12 06:48:29 - __main__ - INFO - Total Trades: 15
2025-11-12 06:48:29 - __main__ - INFO - Win Rate: 60.0%
2025-11-12 06:48:29 - __main__ - INFO - Drawdown: 1.68%
2025-11-12 06:48:29 - __main__ - INFO - ------------------------------------------------------------
2025-11-12 06:48:29 - __main__ - INFO - Active Positions: 3
2025-11-12 06:48:29 - __main__ - INFO -   SOLUSDT: SHORT | Entry: $154.76 | Current: $153.88 | PnL: +0.57% | TP: 0/1
2025-11-12 06:48:29 - __main__ - INFO -   INJUSDT: SHORT | Entry: $7.53 | Current: $7.56 | PnL: -0.40% | TP: 0/1
2025-11-12 06:48:29 - __main__ - INFO -   XRPUSDT: SHORT | Entry: $2.39 | Current: $2.39 | PnL: -0.11% | TP: 0/1
2025-11-12 06:48:29 - __main__ - INFO - ============================================================
2025-11-12 06:48:29 - __main__ - INFO - Waiting 60 seconds...
2025-11-12 06:49:31 - __main__ - INFO - Waiting 60 seconds...
2025-11-12 06:50:33 - __main__ - INFO - INJUSDT: SHORT signal (strength: 40, valid: True) - Strong downtrend (EMA alignment), Price below SAR, AO bearish
2025-11-12 06:50:34 - __main__ - INFO - SOLUSDT: SHORT signal (strength: 40, valid: True) - Strong downtrend (EMA alignment), Price below SAR, AO bearish
2025-11-12 06:50:34 - __main__ - INFO - XRPUSDT: SHORT signal (strength: 40, valid: True) - Strong downtrend (EMA alignment), Price below SAR, AO bearish
2025-11-12 06:50:35 - __main__ - INFO - INJUSDT: Cannot open position - Already have open position in INJUSDT
2025-11-12 06:50:35 - __main__ - INFO - SOLUSDT: Cannot open position - Already have open position in SOLUSDT
2025-11-12 06:50:35 - __main__ - INFO - XRPUSDT: Cannot open position - Already have open position in XRPUSDT
2025-11-12 06:50:35 - __main__ - INFO - Waiting 60 seconds...
2025-11-12 06:51:38 - __main__ - INFO - Waiting 60 seconds...
2025-11-12 06:52:40 - __main__ - INFO - Waiting 60 seconds...
2025-11-12 06:53:44 - __main__ - INFO - ============================================================
2025-11-12 06:53:44 - __main__ - INFO - Bot Status - Iteration #365
2025-11-12 06:53:44 - __main__ - INFO - Time: 2025-11-12 06:53:44
2025-11-12 06:53:44 - __main__ - INFO - ------------------------------------------------------------
2025-11-12 06:53:44 - __main__ - INFO - Balance: $17.04 USDT
2025-11-12 06:53:44 - __main__ - INFO - Daily PnL: $-0.29 (-1.68%)
2025-11-12 06:53:44 - __main__ - INFO - Daily Trades: 0
2025-11-12 06:53:44 - __main__ - INFO - Total Trades: 15
2025-11-12 06:53:44 - __main__ - INFO - Win Rate: 60.0%
2025-11-12 06:53:44 - __main__ - INFO - Drawdown: 1.68%
2025-11-12 06:53:44 - __main__ - INFO - ------------------------------------------------------------
2025-11-12 06:53:44 - __main__ - INFO - Active Positions: 3
2025-11-12 06:53:44 - __main__ - INFO -   SOLUSDT: SHORT | Entry: $154.76 | Current: $154.36 | PnL: +0.26% | TP: 0/1
2025-11-12 06:53:44 - __main__ - INFO -   INJUSDT: SHORT | Entry: $7.53 | Current: $7.58 | PnL: -0.65% | TP: 0/1
2025-11-12 06:53:44 - __main__ - INFO -   XRPUSDT: SHORT | Entry: $2.39 | Current: $2.40 | PnL: -0.54% | TP: 0/1
2025-11-12 06:53:44 - __main__ - INFO - ============================================================
2025-11-12 06:53:44 - __main__ - INFO - Waiting 60 seconds...
2025-11-12 06:54:47 - __main__ - INFO - Waiting 60 seconds...
2025-11-12 06:55:49 - __main__ - INFO - Waiting 60 seconds...
2025-11-12 06:56:52 - __main__ - INFO - Waiting 60 seconds...
2025-11-12 06:57:54 - __main__ - INFO - Waiting 60 seconds...
2025-11-12 06:58:58 - __main__ - INFO - ============================================================
2025-11-12 06:58:58 - __main__ - INFO - Bot Status - Iteration #370
2025-11-12 06:58:58 - __main__ - INFO - Time: 2025-11-12 06:58:58
2025-11-12 06:58:58 - __main__ - INFO - ------------------------------------------------------------
2025-11-12 06:58:58 - __main__ - INFO - Balance: $17.04 USDT
2025-11-12 06:58:58 - __main__ - INFO - Daily PnL: $-0.29 (-1.68%)
2025-11-12 06:58:58 - __main__ - INFO - Daily Trades: 0
2025-11-12 06:58:58 - __main__ - INFO - Total Trades: 15
2025-11-12 06:58:58 - __main__ - INFO - Win Rate: 60.0%
2025-11-12 06:58:58 - __main__ - INFO - Drawdown: 1.68%
2025-11-12 06:58:58 - __main__ - INFO - ------------------------------------------------------------
2025-11-12 06:58:58 - __main__ - INFO - Active Positions: 3
2025-11-12 06:58:58 - __main__ - INFO -   SOLUSDT: SHORT | Entry: $154.76 | Current: $154.19 | PnL: +0.37% | TP: 0/1
2025-11-12 06:58:58 - __main__ - INFO -   INJUSDT: SHORT | Entry: $7.53 | Current: $7.59 | PnL: -0.76% | TP: 0/1
2025-11-12 06:58:58 - __main__ - INFO -   XRPUSDT: SHORT | Entry: $2.39 | Current: $2.39 | PnL: -0.33% | TP: 0/1
2025-11-12 06:58:58 - __main__ - INFO - ============================================================
2025-11-12 06:58:58 - __main__ - INFO - Waiting 60 seconds...
2025-11-12 07:00:01 - __main__ - INFO - Waiting 60 seconds...
2025-11-12 07:01:03 - __main__ - INFO - Waiting 60 seconds...
2025-11-12 07:02:06 - __main__ - INFO - Waiting 60 seconds...
2025-11-12 07:03:08 - __main__ - INFO - Waiting 60 seconds...
2025-11-12 07:04:12 - __main__ - INFO - ============================================================
2025-11-12 07:04:12 - __main__ - INFO - Bot Status - Iteration #375
2025-11-12 07:04:12 - __main__ - INFO - Time: 2025-11-12 07:04:12
2025-11-12 07:04:12 - __main__ - INFO - ------------------------------------------------------------
2025-11-12 07:04:12 - __main__ - INFO - Balance: $17.04 USDT
2025-11-12 07:04:12 - __main__ - INFO - Daily PnL: $-0.29 (-1.68%)
2025-11-12 07:04:12 - __main__ - INFO - Daily Trades: 0
2025-11-12 07:04:12 - __main__ - INFO - Total Trades: 15
2025-11-12 07:04:12 - __main__ - INFO - Win Rate: 60.0%
2025-11-12 07:04:12 - __main__ - INFO - Drawdown: 1.68%
2025-11-12 07:04:12 - __main__ - INFO - ------------------------------------------------------------
2025-11-12 07:04:12 - __main__ - INFO - Active Positions: 3
2025-11-12 07:04:12 - __main__ - INFO -   SOLUSDT: SHORT | Entry: $154.76 | Current: $154.16 | PnL: +0.39% | TP: 0/1
2025-11-12 07:04:12 - __main__ - INFO -   INJUSDT: SHORT | Entry: $7.53 | Current: $7.62 | PnL: -1.19% | TP: 0/1
2025-11-12 07:04:12 - __main__ - INFO -   XRPUSDT: SHORT | Entry: $2.39 | Current: $2.39 | PnL: -0.27% | TP: 0/1
2025-11-12 07:04:12 - __main__ - INFO - ============================================================
2025-11-12 07:04:12 - __main__ - INFO - Waiting 60 seconds...
2025-11-12 07:05:15 - __main__ - INFO - Waiting 60 seconds...
2025-11-12 07:06:17 - __main__ - INFO - SOLUSDT: SHORT signal (strength: 40, valid: True) - Strong downtrend (EMA alignment), Price below SAR, AO bearish
2025-11-12 07:06:17 - __main__ - INFO - XRPUSDT: SHORT signal (strength: 40, valid: True) - Strong downtrend (EMA alignment), Price below SAR, AO bearish
2025-11-12 07:06:18 - __main__ - INFO - SOLUSDT: Cannot open position - Already have open position in SOLUSDT
2025-11-12 07:06:18 - __main__ - INFO - XRPUSDT: Cannot open position - Already have open position in XRPUSDT
2025-11-12 07:06:18 - __main__ - INFO - Waiting 60 seconds...
2025-11-12 07:07:20 - __main__ - INFO - Waiting 60 seconds...
2025-11-12 07:08:24 - __main__ - INFO - Waiting 60 seconds...
2025-11-12 07:09:28 - __main__ - INFO - ============================================================
2025-11-12 07:09:28 - __main__ - INFO - Bot Status - Iteration #380
2025-11-12 07:09:28 - __main__ - INFO - Time: 2025-11-12 07:09:28
2025-11-12 07:09:28 - __main__ - INFO - ------------------------------------------------------------
2025-11-12 07:09:28 - __main__ - INFO - Balance: $17.04 USDT
2025-11-12 07:09:28 - __main__ - INFO - Daily PnL: $-0.29 (-1.68%)
2025-11-12 07:09:28 - __main__ - INFO - Daily Trades: 0
2025-11-12 07:09:28 - __main__ - INFO - Total Trades: 15
2025-11-12 07:09:28 - __main__ - INFO - Win Rate: 60.0%
2025-11-12 07:09:28 - __main__ - INFO - Drawdown: 1.68%
2025-11-12 07:09:28 - __main__ - INFO - ------------------------------------------------------------
2025-11-12 07:09:28 - __main__ - INFO - Active Positions: 3
2025-11-12 07:09:28 - __main__ - INFO -   SOLUSDT: SHORT | Entry: $154.76 | Current: $153.94 | PnL: +0.53% | TP: 0/1
2025-11-12 07:09:28 - __main__ - INFO -   INJUSDT: SHORT | Entry: $7.53 | Current: $7.62 | PnL: -1.18% | TP: 0/1
2025-11-12 07:09:28 - __main__ - INFO -   XRPUSDT: SHORT | Entry: $2.39 | Current: $2.40 | PnL: -0.53% | TP: 0/1
2025-11-12 07:09:28 - __main__ - INFO - ============================================================
2025-11-12 07:09:28 - __main__ - INFO - Waiting 60 seconds...
2025-11-12 07:10:30 - __main__ - INFO - Waiting 60 seconds...
2025-11-12 07:11:33 - __main__ - INFO - Waiting 60 seconds...
2025-11-12 07:12:36 - __main__ - INFO - Waiting 60 seconds...
2025-11-12 07:13:38 - __main__ - INFO - Waiting 60 seconds...
2025-11-12 07:14:42 - __main__ - INFO - ============================================================
2025-11-12 07:14:42 - __main__ - INFO - Bot Status - Iteration #385
2025-11-12 07:14:42 - __main__ - INFO - Time: 2025-11-12 07:14:42
2025-11-12 07:14:42 - __main__ - INFO - ------------------------------------------------------------
2025-11-12 07:14:42 - __main__ - INFO - Balance: $17.04 USDT
2025-11-12 07:14:42 - __main__ - INFO - Daily PnL: $-0.29 (-1.68%)
2025-11-12 07:14:42 - __main__ - INFO - Daily Trades: 0
2025-11-12 07:14:42 - __main__ - INFO - Total Trades: 15
2025-11-12 07:14:42 - __main__ - INFO - Win Rate: 60.0%
2025-11-12 07:14:42 - __main__ - INFO - Drawdown: 1.68%
2025-11-12 07:14:42 - __main__ - INFO - ------------------------------------------------------------
2025-11-12 07:14:42 - __main__ - INFO - Active Positions: 3
2025-11-12 07:14:42 - __main__ - INFO -   SOLUSDT: SHORT | Entry: $154.76 | Current: $154.14 | PnL: +0.40% | TP: 0/1
2025-11-12 07:14:42 - __main__ - INFO -   INJUSDT: SHORT | Entry: $7.53 | Current: $7.62 | PnL: -1.12% | TP: 0/1
2025-11-12 07:14:42 - __main__ - INFO -   XRPUSDT: SHORT | Entry: $2.39 | Current: $2.40 | PnL: -0.53% | TP: 0/1
2025-11-12 07:14:42 - __main__ - INFO - ============================================================
2025-11-12 07:14:42 - __main__ - INFO - Waiting 60 seconds...
2025-11-12 07:15:44 - __main__ - INFO - Waiting 60 seconds...
2025-11-12 07:16:47 - __main__ - INFO - Waiting 60 seconds...
2025-11-12 07:17:50 - __main__ - INFO - Waiting 60 seconds...
2025-11-12 07:18:52 - __main__ - INFO - Waiting 60 seconds...
2025-11-12 07:19:55 - __main__ - WARNING - INJUSDT: Stop loss hit | PnL: $-0.13 (-1.53%)
2025-11-12 07:19:57 - __main__ - INFO - ============================================================
2025-11-12 07:19:57 - __main__ - INFO - Bot Status - Iteration #390
2025-11-12 07:19:57 - __main__ - INFO - Time: 2025-11-12 07:19:57
2025-11-12 07:19:57 - __main__ - INFO - ------------------------------------------------------------
2025-11-12 07:19:57 - __main__ - INFO - Balance: $16.91 USDT
2025-11-12 07:19:57 - __main__ - INFO - Daily PnL: $-0.42 (-2.43%)
2025-11-12 07:19:57 - __main__ - INFO - Daily Trades: 0
2025-11-12 07:19:57 - __main__ - INFO - Total Trades: 16
2025-11-12 07:19:57 - __main__ - INFO - Win Rate: 56.2%
2025-11-12 07:19:57 - __main__ - INFO - Drawdown: 2.43%
2025-11-12 07:19:57 - __main__ - INFO - ------------------------------------------------------------
2025-11-12 07:19:57 - __main__ - INFO - Active Positions: 2
2025-11-12 07:19:57 - __main__ - INFO -   SOLUSDT: SHORT | Entry: $154.76 | Current: $154.33 | PnL: +0.28% | TP: 0/1
2025-11-12 07:19:57 - __main__ - INFO -   XRPUSDT: SHORT | Entry: $2.39 | Current: $2.40 | PnL: -0.57% | TP: 0/1
2025-11-12 07:19:57 - __main__ - INFO - ============================================================
2025-11-12 07:19:57 - __main__ - INFO - Waiting 60 seconds...
2025-11-12 07:21:00 - __main__ - INFO - Waiting 60 seconds...
2025-11-12 07:22:02 - __main__ - INFO - SOLUSDT: SHORT signal (strength: 40, valid: True) - Strong downtrend (EMA alignment), Price below SAR, AO bearish
2025-11-12 07:22:03 - __main__ - INFO - SOLUSDT: Cannot open position - Already have open position in SOLUSDT
2025-11-12 07:22:03 - __main__ - INFO - Waiting 60 seconds...
2025-11-12 07:23:05 - __main__ - INFO - Waiting 60 seconds...
2025-11-12 07:24:08 - __main__ - INFO - Waiting 60 seconds...
2025-11-12 07:25:12 - __main__ - INFO - ============================================================
2025-11-12 07:25:12 - __main__ - INFO - Bot Status - Iteration #395
2025-11-12 07:25:12 - __main__ - INFO - Time: 2025-11-12 07:25:12
2025-11-12 07:25:12 - __main__ - INFO - ------------------------------------------------------------
2025-11-12 07:25:12 - __main__ - INFO - Balance: $16.91 USDT
2025-11-12 07:25:12 - __main__ - INFO - Daily PnL: $-0.42 (-2.43%)
2025-11-12 07:25:12 - __main__ - INFO - Daily Trades: 0
2025-11-12 07:25:12 - __main__ - INFO - Total Trades: 16
2025-11-12 07:25:12 - __main__ - INFO - Win Rate: 56.2%
2025-11-12 07:25:12 - __main__ - INFO - Drawdown: 2.43%
2025-11-12 07:25:12 - __main__ - INFO - ------------------------------------------------------------
2025-11-12 07:25:12 - __main__ - INFO - Active Positions: 2
2025-11-12 07:25:12 - __main__ - INFO -   SOLUSDT: SHORT | Entry: $154.76 | Current: $154.57 | PnL: +0.12% | TP: 0/1
2025-11-12 07:25:12 - __main__ - INFO -   XRPUSDT: SHORT | Entry: $2.39 | Current: $2.40 | PnL: -0.65% | TP: 0/1
2025-11-12 07:25:12 - __main__ - INFO - ============================================================
2025-11-12 07:25:12 - __main__ - INFO - Waiting 60 seconds...
2025-11-12 07:26:14 - __main__ - INFO - Waiting 60 seconds...
2025-11-12 07:27:17 - __main__ - INFO - Waiting 60 seconds...
2025-11-12 07:28:20 - __main__ - INFO - Waiting 60 seconds...
2025-11-12 07:29:23 - __main__ - INFO - Waiting 60 seconds...
2025-11-12 07:30:26 - __main__ - INFO - ============================================================
2025-11-12 07:30:26 - __main__ - INFO - Bot Status - Iteration #400
2025-11-12 07:30:26 - __main__ - INFO - Time: 2025-11-12 07:30:26
2025-11-12 07:30:26 - __main__ - INFO - ------------------------------------------------------------
2025-11-12 07:30:26 - __main__ - INFO - Balance: $16.91 USDT
2025-11-12 07:30:26 - __main__ - INFO - Daily PnL: $-0.42 (-2.43%)
2025-11-12 07:30:26 - __main__ - INFO - Daily Trades: 0
2025-11-12 07:30:26 - __main__ - INFO - Total Trades: 16
2025-11-12 07:30:26 - __main__ - INFO - Win Rate: 56.2%
2025-11-12 07:30:26 - __main__ - INFO - Drawdown: 2.43%
2025-11-12 07:30:26 - __main__ - INFO - ------------------------------------------------------------
2025-11-12 07:30:26 - __main__ - INFO - Active Positions: 2
2025-11-12 07:30:26 - __main__ - INFO -   SOLUSDT: SHORT | Entry: $154.76 | Current: $154.60 | PnL: +0.10% | TP: 0/1
2025-11-12 07:30:26 - __main__ - INFO -   XRPUSDT: SHORT | Entry: $2.39 | Current: $2.40 | PnL: -0.65% | TP: 0/1
2025-11-12 07:30:26 - __main__ - INFO - ============================================================
2025-11-12 07:30:26 - __main__ - INFO - Waiting 60 seconds...
2025-11-12 07:31:28 - __main__ - INFO - Waiting 60 seconds...
2025-11-12 07:32:31 - __main__ - INFO - Waiting 60 seconds...
2025-11-12 07:33:34 - __main__ - INFO - Waiting 60 seconds...
2025-11-12 07:34:37 - __main__ - INFO - Waiting 60 seconds...
2025-11-12 07:35:40 - __main__ - INFO - ============================================================
2025-11-12 07:35:40 - __main__ - INFO - Bot Status - Iteration #405
2025-11-12 07:35:40 - __main__ - INFO - Time: 2025-11-12 07:35:40
2025-11-12 07:35:40 - __main__ - INFO - ------------------------------------------------------------
2025-11-12 07:35:40 - __main__ - INFO - Balance: $16.91 USDT
2025-11-12 07:35:40 - __main__ - INFO - Daily PnL: $-0.42 (-2.43%)
2025-11-12 07:35:40 - __main__ - INFO - Daily Trades: 0
2025-11-12 07:35:40 - __main__ - INFO - Total Trades: 16
2025-11-12 07:35:40 - __main__ - INFO - Win Rate: 56.2%
2025-11-12 07:35:40 - __main__ - INFO - Drawdown: 2.43%
2025-11-12 07:35:40 - __main__ - INFO - ------------------------------------------------------------
2025-11-12 07:35:40 - __main__ - INFO - Active Positions: 2
2025-11-12 07:35:40 - __main__ - INFO -   SOLUSDT: SHORT | Entry: $154.76 | Current: $154.60 | PnL: +0.10% | TP: 0/1
2025-11-12 07:35:40 - __main__ - INFO -   XRPUSDT: SHORT | Entry: $2.39 | Current: $2.40 | PnL: -0.53% | TP: 0/1
2025-11-12 07:35:40 - __main__ - INFO - ============================================================
2025-11-12 07:35:40 - __main__ - INFO - Waiting 60 seconds...
2025-11-12 07:36:43 - __main__ - INFO - Waiting 60 seconds...
2025-11-12 07:37:45 - __main__ - INFO - Waiting 60 seconds...
2025-11-12 07:38:48 - __main__ - INFO - Waiting 60 seconds...
2025-11-12 07:39:50 - __main__ - INFO - Waiting 60 seconds...
2025-11-12 07:40:54 - __main__ - INFO - ============================================================
2025-11-12 07:40:54 - __main__ - INFO - Bot Status - Iteration #410
2025-11-12 07:40:54 - __main__ - INFO - Time: 2025-11-12 07:40:54
2025-11-12 07:40:54 - __main__ - INFO - ------------------------------------------------------------
2025-11-12 07:40:54 - __main__ - INFO - Balance: $16.91 USDT
2025-11-12 07:40:54 - __main__ - INFO - Daily PnL: $-0.42 (-2.43%)
2025-11-12 07:40:54 - __main__ - INFO - Daily Trades: 0
2025-11-12 07:40:54 - __main__ - INFO - Total Trades: 16
2025-11-12 07:40:54 - __main__ - INFO - Win Rate: 56.2%
2025-11-12 07:40:54 - __main__ - INFO - Drawdown: 2.43%
2025-11-12 07:40:54 - __main__ - INFO - ------------------------------------------------------------
2025-11-12 07:40:54 - __main__ - INFO - Active Positions: 2
2025-11-12 07:40:54 - __main__ - INFO -   SOLUSDT: SHORT | Entry: $154.76 | Current: $154.58 | PnL: +0.12% | TP: 0/1
2025-11-12 07:40:54 - __main__ - INFO -   XRPUSDT: SHORT | Entry: $2.39 | Current: $2.40 | PnL: -0.58% | TP: 0/1
2025-11-12 07:40:54 - __main__ - INFO - ============================================================
2025-11-12 07:40:54 - __main__ - INFO - Waiting 60 seconds...
2025-11-12 07:41:57 - __main__ - INFO - Waiting 60 seconds...
2025-11-12 07:42:59 - __main__ - INFO - Waiting 60 seconds...
2025-11-12 07:44:02 - __main__ - INFO - Waiting 60 seconds...
2025-11-12 07:45:05 - __main__ - INFO - Waiting 60 seconds...
2025-11-12 07:46:09 - __main__ - INFO - ============================================================
2025-11-12 07:46:09 - __main__ - INFO - Bot Status - Iteration #415
2025-11-12 07:46:09 - __main__ - INFO - Time: 2025-11-12 07:46:09
2025-11-12 07:46:09 - __main__ - INFO - ------------------------------------------------------------
2025-11-12 07:46:09 - __main__ - INFO - Balance: $16.91 USDT
2025-11-12 07:46:09 - __main__ - INFO - Daily PnL: $-0.42 (-2.43%)
2025-11-12 07:46:09 - __main__ - INFO - Daily Trades: 0
2025-11-12 07:46:09 - __main__ - INFO - Total Trades: 16
2025-11-12 07:46:09 - __main__ - INFO - Win Rate: 56.2%
2025-11-12 07:46:09 - __main__ - INFO - Drawdown: 2.43%
2025-11-12 07:46:09 - __main__ - INFO - ------------------------------------------------------------
2025-11-12 07:46:09 - __main__ - INFO - Active Positions: 2
2025-11-12 07:46:09 - __main__ - INFO -   SOLUSDT: SHORT | Entry: $154.76 | Current: $154.76 | PnL: 0.00% | TP: 0/1
2025-11-12 07:46:09 - __main__ - INFO -   XRPUSDT: SHORT | Entry: $2.39 | Current: $2.40 | PnL: -0.46% | TP: 0/1
2025-11-12 07:46:09 - __main__ - INFO - ============================================================
2025-11-12 07:46:09 - __main__ - INFO - Waiting 60 seconds...
2025-11-12 07:47:11 - __main__ - INFO - Waiting 60 seconds...
2025-11-12 07:48:14 - __main__ - INFO - Waiting 60 seconds...
2025-11-12 07:49:17 - __main__ - INFO - Waiting 60 seconds...
2025-11-12 07:50:20 - __main__ - INFO - Waiting 60 seconds...
2025-11-12 07:51:23 - __main__ - INFO - ============================================================
2025-11-12 07:51:23 - __main__ - INFO - Bot Status - Iteration #420
2025-11-12 07:51:23 - __main__ - INFO - Time: 2025-11-12 07:51:23
2025-11-12 07:51:23 - __main__ - INFO - ------------------------------------------------------------
2025-11-12 07:51:23 - __main__ - INFO - Balance: $16.91 USDT
2025-11-12 07:51:23 - __main__ - INFO - Daily PnL: $-0.42 (-2.43%)
2025-11-12 07:51:23 - __main__ - INFO - Daily Trades: 0
2025-11-12 07:51:23 - __main__ - INFO - Total Trades: 16
2025-11-12 07:51:23 - __main__ - INFO - Win Rate: 56.2%
2025-11-12 07:51:23 - __main__ - INFO - Drawdown: 2.43%
2025-11-12 07:51:23 - __main__ - INFO - ------------------------------------------------------------
2025-11-12 07:51:23 - __main__ - INFO - Active Positions: 2
2025-11-12 07:51:23 - __main__ - INFO -   SOLUSDT: SHORT | Entry: $154.76 | Current: $154.74 | PnL: +0.01% | TP: 0/1
2025-11-12 07:51:23 - __main__ - INFO -   XRPUSDT: SHORT | Entry: $2.39 | Current: $2.40 | PnL: -0.63% | TP: 0/1
2025-11-12 07:51:23 - __main__ - INFO - ============================================================
2025-11-12 07:51:23 - __main__ - INFO - Waiting 60 seconds...
2025-11-12 07:52:26 - __main__ - INFO - Waiting 60 seconds...
2025-11-12 07:53:29 - __main__ - INFO - Waiting 60 seconds...
2025-11-12 07:54:32 - __main__ - INFO - Waiting 60 seconds...
2025-11-12 07:55:34 - __main__ - INFO - Waiting 60 seconds...
2025-11-12 07:56:38 - __main__ - INFO - ============================================================
2025-11-12 07:56:38 - __main__ - INFO - Bot Status - Iteration #425
2025-11-12 07:56:38 - __main__ - INFO - Time: 2025-11-12 07:56:38
2025-11-12 07:56:38 - __main__ - INFO - ------------------------------------------------------------
2025-11-12 07:56:38 - __main__ - INFO - Balance: $16.91 USDT
2025-11-12 07:56:38 - __main__ - INFO - Daily PnL: $-0.42 (-2.43%)
2025-11-12 07:56:38 - __main__ - INFO - Daily Trades: 0
2025-11-12 07:56:38 - __main__ - INFO - Total Trades: 16
2025-11-12 07:56:38 - __main__ - INFO - Win Rate: 56.2%
2025-11-12 07:56:38 - __main__ - INFO - Drawdown: 2.43%
2025-11-12 07:56:38 - __main__ - INFO - ------------------------------------------------------------
2025-11-12 07:56:38 - __main__ - INFO - Active Positions: 2
2025-11-12 07:56:38 - __main__ - INFO -   SOLUSDT: SHORT | Entry: $154.76 | Current: $154.55 | PnL: +0.14% | TP: 0/1
2025-11-12 07:56:38 - __main__ - INFO -   XRPUSDT: SHORT | Entry: $2.39 | Current: $2.40 | PnL: -0.49% | TP: 0/1
2025-11-12 07:56:38 - __main__ - INFO - ============================================================
2025-11-12 07:56:38 - __main__ - INFO - Waiting 60 seconds...
2025-11-12 07:57:41 - __main__ - INFO - Waiting 60 seconds...
2025-11-12 07:58:44 - __main__ - INFO - Waiting 60 seconds...
2025-11-12 07:59:46 - __main__ - INFO - Waiting 60 seconds...
2025-11-12 08:00:49 - __main__ - INFO - Waiting 60 seconds...
2025-11-12 08:01:52 - __main__ - INFO - ============================================================
2025-11-12 08:01:52 - __main__ - INFO - Bot Status - Iteration #430
2025-11-12 08:01:52 - __main__ - INFO - Time: 2025-11-12 08:01:52
2025-11-12 08:01:52 - __main__ - INFO - ------------------------------------------------------------
2025-11-12 08:01:52 - __main__ - INFO - Balance: $16.91 USDT
2025-11-12 08:01:52 - __main__ - INFO - Daily PnL: $-0.42 (-2.43%)
2025-11-12 08:01:52 - __main__ - INFO - Daily Trades: 0
2025-11-12 08:01:52 - __main__ - INFO - Total Trades: 16
2025-11-12 08:01:52 - __main__ - INFO - Win Rate: 56.2%
2025-11-12 08:01:52 - __main__ - INFO - Drawdown: 2.43%
2025-11-12 08:01:52 - __main__ - INFO - ------------------------------------------------------------
2025-11-12 08:01:52 - __main__ - INFO - Active Positions: 2
2025-11-12 08:01:52 - __main__ - INFO -   SOLUSDT: SHORT | Entry: $154.76 | Current: $154.28 | PnL: +0.31% | TP: 0/1
2025-11-12 08:01:52 - __main__ - INFO -   XRPUSDT: SHORT | Entry: $2.39 | Current: $2.40 | PnL: -0.40% | TP: 0/1
2025-11-12 08:01:52 - __main__ - INFO - ============================================================
2025-11-12 08:01:52 - __main__ - INFO - Waiting 60 seconds...
2025-11-12 08:02:55 - __main__ - INFO - Waiting 60 seconds...
2025-11-12 08:03:58 - __main__ - INFO - Waiting 60 seconds...
2025-11-12 08:05:00 - __main__ - INFO - Waiting 60 seconds...
2025-11-12 08:06:03 - __main__ - INFO - Waiting 60 seconds...
2025-11-12 08:07:06 - __main__ - INFO - ============================================================
2025-11-12 08:07:06 - __main__ - INFO - Bot Status - Iteration #435
2025-11-12 08:07:06 - __main__ - INFO - Time: 2025-11-12 08:07:06
2025-11-12 08:07:06 - __main__ - INFO - ------------------------------------------------------------
2025-11-12 08:07:06 - __main__ - INFO - Balance: $16.91 USDT
2025-11-12 08:07:06 - __main__ - INFO - Daily PnL: $-0.42 (-2.43%)
2025-11-12 08:07:06 - __main__ - INFO - Daily Trades: 0
2025-11-12 08:07:06 - __main__ - INFO - Total Trades: 16
2025-11-12 08:07:06 - __main__ - INFO - Win Rate: 56.2%
2025-11-12 08:07:06 - __main__ - INFO - Drawdown: 2.43%
2025-11-12 08:07:06 - __main__ - INFO - ------------------------------------------------------------
2025-11-12 08:07:06 - __main__ - INFO - Active Positions: 2
2025-11-12 08:07:06 - __main__ - INFO -   SOLUSDT: SHORT | Entry: $154.76 | Current: $154.17 | PnL: +0.38% | TP: 0/1
2025-11-12 08:07:06 - __main__ - INFO -   XRPUSDT: SHORT | Entry: $2.39 | Current: $2.39 | PnL: -0.26% | TP: 0/1
2025-11-12 08:07:06 - __main__ - INFO - ============================================================
2025-11-12 08:07:06 - __main__ - INFO - Waiting 60 seconds...
2025-11-12 08:08:09 - __main__ - INFO - Waiting 60 seconds...
2025-11-12 08:09:12 - __main__ - INFO - Waiting 60 seconds...
2025-11-12 08:10:15 - __main__ - INFO - Waiting 60 seconds...
2025-11-12 08:11:17 - __main__ - INFO - Waiting 60 seconds...
2025-11-12 08:12:21 - __main__ - INFO - ============================================================
2025-11-12 08:12:21 - __main__ - INFO - Bot Status - Iteration #440
2025-11-12 08:12:21 - __main__ - INFO - Time: 2025-11-12 08:12:21
2025-11-12 08:12:21 - __main__ - INFO - ------------------------------------------------------------
2025-11-12 08:12:21 - __main__ - INFO - Balance: $16.91 USDT
2025-11-12 08:12:21 - __main__ - INFO - Daily PnL: $-0.42 (-2.43%)
2025-11-12 08:12:21 - __main__ - INFO - Daily Trades: 0
2025-11-12 08:12:21 - __main__ - INFO - Total Trades: 16
2025-11-12 08:12:21 - __main__ - INFO - Win Rate: 56.2%
2025-11-12 08:12:21 - __main__ - INFO - Drawdown: 2.43%
2025-11-12 08:12:21 - __main__ - INFO - ------------------------------------------------------------
2025-11-12 08:12:21 - __main__ - INFO - Active Positions: 2
2025-11-12 08:12:21 - __main__ - INFO -   SOLUSDT: SHORT | Entry: $154.76 | Current: $154.65 | PnL: +0.07% | TP: 0/1
2025-11-12 08:12:21 - __main__ - INFO -   XRPUSDT: SHORT | Entry: $2.39 | Current: $2.39 | PnL: -0.35% | TP: 0/1
2025-11-12 08:12:21 - __main__ - INFO - ============================================================
2025-11-12 08:12:21 - __main__ - INFO - Waiting 60 seconds...
2025-11-12 08:13:23 - __main__ - INFO - Waiting 60 seconds...
2025-11-12 08:14:26 - __main__ - INFO - Waiting 60 seconds...
2025-11-12 08:15:28 - __main__ - INFO - Waiting 60 seconds...
2025-11-12 08:16:31 - __main__ - INFO - Waiting 60 seconds...
2025-11-12 08:17:35 - __main__ - INFO - ============================================================
2025-11-12 08:17:35 - __main__ - INFO - Bot Status - Iteration #445
2025-11-12 08:17:35 - __main__ - INFO - Time: 2025-11-12 08:17:35
2025-11-12 08:17:35 - __main__ - INFO - ------------------------------------------------------------
2025-11-12 08:17:35 - __main__ - INFO - Balance: $16.91 USDT
2025-11-12 08:17:35 - __main__ - INFO - Daily PnL: $-0.42 (-2.43%)
2025-11-12 08:17:35 - __main__ - INFO - Daily Trades: 0
2025-11-12 08:17:35 - __main__ - INFO - Total Trades: 16
2025-11-12 08:17:35 - __main__ - INFO - Win Rate: 56.2%
2025-11-12 08:17:35 - __main__ - INFO - Drawdown: 2.43%
2025-11-12 08:17:35 - __main__ - INFO - ------------------------------------------------------------
2025-11-12 08:17:35 - __main__ - INFO - Active Positions: 2
2025-11-12 08:17:35 - __main__ - INFO -   SOLUSDT: SHORT | Entry: $154.76 | Current: $154.77 | PnL: -0.01% | TP: 0/1
2025-11-12 08:17:35 - __main__ - INFO -   XRPUSDT: SHORT | Entry: $2.39 | Current: $2.40 | PnL: -0.44% | TP: 0/1
2025-11-12 08:17:35 - __main__ - INFO - ============================================================
2025-11-12 08:17:35 - __main__ - INFO - Waiting 60 seconds...
2025-11-12 08:18:37 - __main__ - INFO - Waiting 60 seconds...
2025-11-12 08:19:40 - __main__ - INFO - Waiting 60 seconds...
2025-11-12 08:20:43 - __main__ - INFO - Waiting 60 seconds...
2025-11-12 08:21:46 - __main__ - INFO - Waiting 60 seconds...
2025-11-12 08:22:49 - __main__ - INFO - ============================================================
2025-11-12 08:22:49 - __main__ - INFO - Bot Status - Iteration #450
2025-11-12 08:22:49 - __main__ - INFO - Time: 2025-11-12 08:22:49
2025-11-12 08:22:49 - __main__ - INFO - ------------------------------------------------------------
2025-11-12 08:22:49 - __main__ - INFO - Balance: $16.91 USDT
2025-11-12 08:22:49 - __main__ - INFO - Daily PnL: $-0.42 (-2.43%)
2025-11-12 08:22:49 - __main__ - INFO - Daily Trades: 0
2025-11-12 08:22:49 - __main__ - INFO - Total Trades: 16
2025-11-12 08:22:49 - __main__ - INFO - Win Rate: 56.2%
2025-11-12 08:22:49 - __main__ - INFO - Drawdown: 2.43%
2025-11-12 08:22:49 - __main__ - INFO - ------------------------------------------------------------
2025-11-12 08:22:49 - __main__ - INFO - Active Positions: 2
2025-11-12 08:22:49 - __main__ - INFO -   SOLUSDT: SHORT | Entry: $154.76 | Current: $154.58 | PnL: +0.12% | TP: 0/1
2025-11-12 08:22:49 - __main__ - INFO -   XRPUSDT: SHORT | Entry: $2.39 | Current: $2.39 | PnL: -0.37% | TP: 0/1
2025-11-12 08:22:49 - __main__ - INFO - ============================================================
2025-11-12 08:22:49 - __main__ - INFO - Waiting 60 seconds...
2025-11-12 08:23:52 - __main__ - INFO - Waiting 60 seconds...
2025-11-12 08:24:55 - __main__ - INFO - Waiting 60 seconds...
2025-11-12 08:25:57 - __main__ - INFO - Waiting 60 seconds...
2025-11-12 08:27:00 - __main__ - INFO - Waiting 60 seconds...
2025-11-12 08:28:04 - __main__ - INFO - ============================================================
2025-11-12 08:28:04 - __main__ - INFO - Bot Status - Iteration #455
2025-11-12 08:28:04 - __main__ - INFO - Time: 2025-11-12 08:28:04
2025-11-12 08:28:04 - __main__ - INFO - ------------------------------------------------------------
2025-11-12 08:28:04 - __main__ - INFO - Balance: $16.91 USDT
2025-11-12 08:28:04 - __main__ - INFO - Daily PnL: $-0.42 (-2.43%)
2025-11-12 08:28:04 - __main__ - INFO - Daily Trades: 0
2025-11-12 08:28:04 - __main__ - INFO - Total Trades: 16
2025-11-12 08:28:04 - __main__ - INFO - Win Rate: 56.2%
2025-11-12 08:28:04 - __main__ - INFO - Drawdown: 2.43%
2025-11-12 08:28:04 - __main__ - INFO - ------------------------------------------------------------
2025-11-12 08:28:04 - __main__ - INFO - Active Positions: 2
2025-11-12 08:28:04 - __main__ - INFO -   SOLUSDT: SHORT | Entry: $154.76 | Current: $154.71 | PnL: +0.03% | TP: 0/1
2025-11-12 08:28:04 - __main__ - INFO -   XRPUSDT: SHORT | Entry: $2.39 | Current: $2.39 | PnL: -0.36% | TP: 0/1
2025-11-12 08:28:04 - __main__ - INFO - ============================================================
2025-11-12 08:28:04 - __main__ - INFO - Waiting 60 seconds...
2025-11-12 08:29:06 - __main__ - INFO - Waiting 60 seconds...
2025-11-12 08:30:08 - __main__ - INFO - INJUSDT: SHORT signal (strength: 40, valid: True) - Strong downtrend (EMA alignment), Price below SAR, AO bearish
2025-11-12 08:30:09 - __main__ - INFO - XRPUSDT: SHORT signal (strength: 40, valid: True) - Strong downtrend (EMA alignment), Price below SAR, AO bearish
2025-11-12 08:30:10 - __main__ - INFO - INJUSDT: Opening SHORT position...
2025-11-12 08:30:13 - __main__ - INFO - INJUSDT: Position opened successfully!
2025-11-12 08:30:13 - __main__ - INFO -   Entry: $7.57
2025-11-12 08:30:13 - __main__ - INFO -   Quantity: 1.1000
2025-11-12 08:30:13 - __main__ - INFO -   Stop Loss: $7.66
2025-11-12 08:30:13 - __main__ - INFO -   Take Profits:
2025-11-12 08:30:13 - __main__ - INFO -     TP1: $7.51 (0.8%) - Close 100%
2025-11-12 08:30:14 - __main__ - INFO - XRPUSDT: Cannot open position - Already have open position in XRPUSDT
2025-11-12 08:30:14 - __main__ - INFO - Waiting 60 seconds...
2025-11-12 08:31:16 - __main__ - INFO - BNBUSDT: SHORT signal (strength: 60, valid: True) - MACD bearish crossover, Strong downtrend (EMA alignment), Price below SAR
2025-11-12 08:31:17 - __main__ - INFO - BNBUSDT: Opening SHORT position...
2025-11-12 08:31:18 - __main__ - WARNING - BNBUSDT: Failed to open position - Position size too small (min notional: $5.0)
2025-11-12 08:31:18 - __main__ - INFO - Waiting 60 seconds...
2025-11-12 08:32:20 - __main__ - INFO - Waiting 60 seconds...
2025-11-12 08:33:24 - __main__ - INFO - ============================================================
2025-11-12 08:33:24 - __main__ - INFO - Bot Status - Iteration #460
2025-11-12 08:33:24 - __main__ - INFO - Time: 2025-11-12 08:33:24
2025-11-12 08:33:24 - __main__ - INFO - ------------------------------------------------------------
2025-11-12 08:33:24 - __main__ - INFO - Balance: $16.90 USDT
2025-11-12 08:33:24 - __main__ - INFO - Daily PnL: $-0.42 (-2.45%)
2025-11-12 08:33:24 - __main__ - INFO - Daily Trades: 0
2025-11-12 08:33:24 - __main__ - INFO - Total Trades: 16
2025-11-12 08:33:24 - __main__ - INFO - Win Rate: 56.2%
2025-11-12 08:33:24 - __main__ - INFO - Drawdown: 2.45%
2025-11-12 08:33:24 - __main__ - INFO - ------------------------------------------------------------
2025-11-12 08:33:24 - __main__ - INFO - Active Positions: 3
2025-11-12 08:33:24 - __main__ - INFO -   SOLUSDT: SHORT | Entry: $154.76 | Current: $154.23 | PnL: +0.34% | TP: 0/1
2025-11-12 08:33:24 - __main__ - INFO -   XRPUSDT: SHORT | Entry: $2.39 | Current: $2.39 | PnL: -0.24% | TP: 0/1
2025-11-12 08:33:24 - __main__ - INFO -   INJUSDT: SHORT | Entry: $7.57 | Current: $7.57 | PnL: +0.01% | TP: 0/1
2025-11-12 08:33:24 - __main__ - INFO - ============================================================
2025-11-12 08:33:24 - __main__ - INFO - Waiting 60 seconds...
2025-11-12 08:34:27 - __main__ - INFO - Waiting 60 seconds...
2025-11-12 08:35:29 - __main__ - INFO - Waiting 60 seconds...
2025-11-12 08:36:32 - __main__ - INFO - Waiting 60 seconds...
2025-11-12 08:37:35 - __main__ - INFO - Waiting 60 seconds...
2025-11-12 08:38:38 - __main__ - INFO - ============================================================
2025-11-12 08:38:38 - __main__ - INFO - Bot Status - Iteration #465
2025-11-12 08:38:38 - __main__ - INFO - Time: 2025-11-12 08:38:38
2025-11-12 08:38:38 - __main__ - INFO - ------------------------------------------------------------
2025-11-12 08:38:38 - __main__ - INFO - Balance: $16.90 USDT
2025-11-12 08:38:38 - __main__ - INFO - Daily PnL: $-0.42 (-2.45%)
2025-11-12 08:38:38 - __main__ - INFO - Daily Trades: 0
2025-11-12 08:38:38 - __main__ - INFO - Total Trades: 16
2025-11-12 08:38:38 - __main__ - INFO - Win Rate: 56.2%
2025-11-12 08:38:38 - __main__ - INFO - Drawdown: 2.45%
2025-11-12 08:38:38 - __main__ - INFO - ------------------------------------------------------------
2025-11-12 08:38:38 - __main__ - INFO - Active Positions: 3
2025-11-12 08:38:38 - __main__ - INFO -   SOLUSDT: SHORT | Entry: $154.76 | Current: $154.52 | PnL: +0.16% | TP: 0/1
2025-11-12 08:38:38 - __main__ - INFO -   XRPUSDT: SHORT | Entry: $2.39 | Current: $2.39 | PnL: -0.27% | TP: 0/1
2025-11-12 08:38:38 - __main__ - INFO -   INJUSDT: SHORT | Entry: $7.57 | Current: $7.58 | PnL: -0.05% | TP: 0/1
2025-11-12 08:38:38 - __main__ - INFO - ============================================================
2025-11-12 08:38:38 - __main__ - INFO - Waiting 60 seconds...
2025-11-12 08:39:41 - __main__ - INFO - Waiting 60 seconds...
2025-11-12 08:40:44 - __main__ - INFO - Waiting 60 seconds...
2025-11-12 08:41:46 - __main__ - INFO - Waiting 60 seconds...
2025-11-12 08:42:49 - __main__ - INFO - Waiting 60 seconds...
2025-11-12 08:43:52 - __main__ - INFO - ============================================================
2025-11-12 08:43:52 - __main__ - INFO - Bot Status - Iteration #470
2025-11-12 08:43:52 - __main__ - INFO - Time: 2025-11-12 08:43:52
2025-11-12 08:43:52 - __main__ - INFO - ------------------------------------------------------------
2025-11-12 08:43:52 - __main__ - INFO - Balance: $16.90 USDT
2025-11-12 08:43:52 - __main__ - INFO - Daily PnL: $-0.42 (-2.45%)
2025-11-12 08:43:52 - __main__ - INFO - Daily Trades: 0
2025-11-12 08:43:52 - __main__ - INFO - Total Trades: 16
2025-11-12 08:43:52 - __main__ - INFO - Win Rate: 56.2%
2025-11-12 08:43:52 - __main__ - INFO - Drawdown: 2.45%
2025-11-12 08:43:52 - __main__ - INFO - ------------------------------------------------------------
2025-11-12 08:43:52 - __main__ - INFO - Active Positions: 3
2025-11-12 08:43:52 - __main__ - INFO -   SOLUSDT: SHORT | Entry: $154.76 | Current: $154.22 | PnL: +0.35% | TP: 0/1
2025-11-12 08:43:52 - __main__ - INFO -   XRPUSDT: SHORT | Entry: $2.39 | Current: $2.39 | PnL: -0.20% | TP: 0/1
2025-11-12 08:43:53 - __main__ - INFO -   INJUSDT: SHORT | Entry: $7.57 | Current: $7.56 | PnL: +0.16% | TP: 0/1
2025-11-12 08:43:53 - __main__ - INFO - ============================================================
2025-11-12 08:43:53 - __main__ - INFO - Waiting 60 seconds...
2025-11-12 08:44:55 - __main__ - INFO - Waiting 60 seconds...
2025-11-12 08:45:57 - __main__ - INFO - INJUSDT: SHORT signal (strength: 60, valid: True) - MACD bearish crossover, Strong downtrend (EMA alignment), Price below SAR
2025-11-12 08:45:58 - __main__ - INFO - XRPUSDT: SHORT signal (strength: 60, valid: True) - MACD bearish crossover, Strong downtrend (EMA alignment), Price below SAR
2025-11-12 08:45:58 - __main__ - INFO - INJUSDT: Cannot open position - Already have open position in INJUSDT
2025-11-12 08:45:58 - __main__ - INFO - XRPUSDT: Cannot open position - Already have open position in XRPUSDT
2025-11-12 08:45:58 - __main__ - INFO - Waiting 60 seconds...
2025-11-12 08:47:00 - __main__ - INFO - BNBUSDT: SHORT signal (strength: 40, valid: True) - Strong downtrend (EMA alignment), Price below SAR, AO bearish
2025-11-12 08:47:02 - __main__ - INFO - BNBUSDT: Opening SHORT position...
2025-11-12 08:47:02 - __main__ - WARNING - BNBUSDT: Failed to open position - Position size too small (min notional: $5.0)
2025-11-12 08:47:02 - __main__ - INFO - Waiting 60 seconds...
2025-11-12 08:48:05 - __main__ - INFO - Waiting 60 seconds...
2025-11-12 08:49:08 - __main__ - INFO - ============================================================
2025-11-12 08:49:08 - __main__ - INFO - Bot Status - Iteration #475
2025-11-12 08:49:08 - __main__ - INFO - Time: 2025-11-12 08:49:08
2025-11-12 08:49:08 - __main__ - INFO - ------------------------------------------------------------
2025-11-12 08:49:08 - __main__ - INFO - Balance: $16.90 USDT
2025-11-12 08:49:08 - __main__ - INFO - Daily PnL: $-0.42 (-2.45%)
2025-11-12 08:49:08 - __main__ - INFO - Daily Trades: 0
2025-11-12 08:49:08 - __main__ - INFO - Total Trades: 16
2025-11-12 08:49:08 - __main__ - INFO - Win Rate: 56.2%
2025-11-12 08:49:08 - __main__ - INFO - Drawdown: 2.45%
2025-11-12 08:49:08 - __main__ - INFO - ------------------------------------------------------------
2025-11-12 08:49:08 - __main__ - INFO - Active Positions: 3
2025-11-12 08:49:08 - __main__ - INFO -   SOLUSDT: SHORT | Entry: $154.76 | Current: $154.35 | PnL: +0.26% | TP: 0/1
2025-11-12 08:49:08 - __main__ - INFO -   XRPUSDT: SHORT | Entry: $2.39 | Current: $2.39 | PnL: -0.13% | TP: 0/1
2025-11-12 08:49:08 - __main__ - INFO -   INJUSDT: SHORT | Entry: $7.57 | Current: $7.57 | PnL: +0.05% | TP: 0/1
2025-11-12 08:49:08 - __main__ - INFO - ============================================================
2025-11-12 08:49:08 - __main__ - INFO - Waiting 60 seconds...
2025-11-12 08:50:11 - __main__ - INFO - Waiting 60 seconds...
2025-11-12 08:51:14 - __main__ - INFO - Waiting 60 seconds...
2025-11-12 08:52:16 - __main__ - INFO - Waiting 60 seconds...
2025-11-12 08:53:19 - __main__ - INFO - Waiting 60 seconds...
2025-11-12 08:54:23 - __main__ - INFO - ============================================================
2025-11-12 08:54:23 - __main__ - INFO - Bot Status - Iteration #480
2025-11-12 08:54:23 - __main__ - INFO - Time: 2025-11-12 08:54:23
2025-11-12 08:54:23 - __main__ - INFO - ------------------------------------------------------------
2025-11-12 08:54:23 - __main__ - INFO - Balance: $16.90 USDT
2025-11-12 08:54:23 - __main__ - INFO - Daily PnL: $-0.42 (-2.45%)
2025-11-12 08:54:23 - __main__ - INFO - Daily Trades: 0
2025-11-12 08:54:23 - __main__ - INFO - Total Trades: 16
2025-11-12 08:54:23 - __main__ - INFO - Win Rate: 56.2%
2025-11-12 08:54:23 - __main__ - INFO - Drawdown: 2.45%
2025-11-12 08:54:23 - __main__ - INFO - ------------------------------------------------------------
2025-11-12 08:54:23 - __main__ - INFO - Active Positions: 3
2025-11-12 08:54:23 - __main__ - INFO -   SOLUSDT: SHORT | Entry: $154.76 | Current: $154.60 | PnL: +0.10% | TP: 0/1
2025-11-12 08:54:23 - __main__ - INFO -   XRPUSDT: SHORT | Entry: $2.39 | Current: $2.39 | PnL: -0.25% | TP: 0/1
2025-11-12 08:54:23 - __main__ - INFO -   INJUSDT: SHORT | Entry: $7.57 | Current: $7.58 | PnL: -0.03% | TP: 0/1
2025-11-12 08:54:23 - __main__ - INFO - ============================================================
2025-11-12 08:54:23 - __main__ - INFO - Waiting 60 seconds...
2025-11-12 08:55:25 - __main__ - INFO - Waiting 60 seconds...
2025-11-12 08:56:28 - __main__ - INFO - Waiting 60 seconds...
2025-11-12 08:57:31 - __main__ - INFO - Waiting 60 seconds...
2025-11-12 08:58:33 - __main__ - INFO - Waiting 60 seconds...
2025-11-12 08:59:37 - __main__ - INFO - ============================================================
2025-11-12 08:59:37 - __main__ - INFO - Bot Status - Iteration #485
2025-11-12 08:59:37 - __main__ - INFO - Time: 2025-11-12 08:59:37
2025-11-12 08:59:37 - __main__ - INFO - ------------------------------------------------------------
2025-11-12 08:59:37 - __main__ - INFO - Balance: $16.90 USDT
2025-11-12 08:59:37 - __main__ - INFO - Daily PnL: $-0.42 (-2.45%)
2025-11-12 08:59:37 - __main__ - INFO - Daily Trades: 0
2025-11-12 08:59:37 - __main__ - INFO - Total Trades: 16
2025-11-12 08:59:37 - __main__ - INFO - Win Rate: 56.2%
2025-11-12 08:59:37 - __main__ - INFO - Drawdown: 2.45%
2025-11-12 08:59:37 - __main__ - INFO - ------------------------------------------------------------
2025-11-12 08:59:37 - __main__ - INFO - Active Positions: 3
2025-11-12 08:59:37 - __main__ - INFO -   SOLUSDT: SHORT | Entry: $154.76 | Current: $154.77 | PnL: -0.01% | TP: 0/1
2025-11-12 08:59:37 - __main__ - INFO -   XRPUSDT: SHORT | Entry: $2.39 | Current: $2.39 | PnL: -0.35% | TP: 0/1
2025-11-12 08:59:37 - __main__ - INFO -   INJUSDT: SHORT | Entry: $7.57 | Current: $7.63 | PnL: -0.71% | TP: 0/1
2025-11-12 08:59:37 - __main__ - INFO - ============================================================
2025-11-12 08:59:37 - __main__ - INFO - Waiting 60 seconds...
2025-11-12 09:00:39 - __main__ - INFO - ROSEUSDT: LONG signal (strength: 45, valid: True) - MACD bullish crossover, Strong uptrend (EMA alignment), Price above SAR
2025-11-12 09:00:40 - __main__ - INFO - ROSEUSDT: Opening LONG position...
2025-11-12 09:00:43 - __main__ - INFO - ROSEUSDT: Position opened successfully!
2025-11-12 09:00:43 - __main__ - INFO -   Entry: $0.02
2025-11-12 09:00:43 - __main__ - INFO -   Quantity: 390.0000
2025-11-12 09:00:43 - __main__ - INFO -   Stop Loss: $0.02
2025-11-12 09:00:43 - __main__ - INFO -   Take Profits:
2025-11-12 09:00:43 - __main__ - INFO -     TP1: $0.02 (0.8%) - Close 100%
2025-11-12 09:00:43 - __main__ - INFO - Waiting 60 seconds...
2025-11-12 09:01:46 - __main__ - INFO - XRPUSDT: SHORT signal (strength: 40, valid: True) - Strong downtrend (EMA alignment), Price below SAR, AO bearish
2025-11-12 09:01:46 - __main__ - INFO - XRPUSDT: Cannot open position - Already have open position in XRPUSDT
2025-11-12 09:01:46 - __main__ - INFO - Waiting 60 seconds...
2025-11-12 09:02:48 - __main__ - INFO - BNBUSDT: SHORT signal (strength: 40, valid: True) - Strong downtrend (EMA alignment), Price below SAR, AO bearish
2025-11-12 09:02:49 - __main__ - INFO - BNBUSDT: Opening SHORT position...
2025-11-12 09:02:50 - __main__ - WARNING - BNBUSDT: Failed to open position - Position size too small (min notional: $5.0)
2025-11-12 09:02:50 - __main__ - INFO - Waiting 60 seconds...
2025-11-12 09:03:53 - __main__ - INFO - Waiting 60 seconds...
2025-11-12 09:04:56 - __main__ - INFO - ============================================================
2025-11-12 09:04:56 - __main__ - INFO - Bot Status - Iteration #490
2025-11-12 09:04:56 - __main__ - INFO - Time: 2025-11-12 09:04:56
2025-11-12 09:04:56 - __main__ - INFO - ------------------------------------------------------------
2025-11-12 09:04:56 - __main__ - INFO - Balance: $16.90 USDT
2025-11-12 09:04:56 - __main__ - INFO - Daily PnL: $-0.43 (-2.48%)
2025-11-12 09:04:56 - __main__ - INFO - Daily Trades: 0
2025-11-12 09:04:56 - __main__ - INFO - Total Trades: 16
2025-11-12 09:04:56 - __main__ - INFO - Win Rate: 56.2%
2025-11-12 09:04:56 - __main__ - INFO - Drawdown: 2.48%
2025-11-12 09:04:56 - __main__ - INFO - ------------------------------------------------------------
2025-11-12 09:04:56 - __main__ - INFO - Active Positions: 4
2025-11-12 09:04:56 - __main__ - INFO -   SOLUSDT: SHORT | Entry: $154.76 | Current: $154.88 | PnL: -0.08% | TP: 0/1
2025-11-12 09:04:56 - __main__ - INFO -   XRPUSDT: SHORT | Entry: $2.39 | Current: $2.39 | PnL: -0.26% | TP: 0/1
2025-11-12 09:04:56 - __main__ - INFO -   INJUSDT: SHORT | Entry: $7.57 | Current: $7.60 | PnL: -0.40% | TP: 0/1
2025-11-12 09:04:56 - __main__ - INFO -   ROSEUSDT: LONG | Entry: $0.02 | Current: $0.02 | PnL: -0.05% | TP: 0/1
2025-11-12 09:04:56 - __main__ - INFO - ============================================================
2025-11-12 09:04:56 - __main__ - INFO - Waiting 60 seconds...
2025-11-12 09:05:59 - __main__ - INFO - Waiting 60 seconds...
2025-11-12 09:07:02 - __main__ - INFO - Waiting 60 seconds...
2025-11-12 09:08:05 - __main__ - INFO - Waiting 60 seconds...
2025-11-12 09:09:08 - __main__ - INFO - Waiting 60 seconds...
2025-11-12 09:10:12 - __main__ - INFO - ============================================================
2025-11-12 09:10:12 - __main__ - INFO - Bot Status - Iteration #495
2025-11-12 09:10:12 - __main__ - INFO - Time: 2025-11-12 09:10:12
2025-11-12 09:10:12 - __main__ - INFO - ------------------------------------------------------------
2025-11-12 09:10:12 - __main__ - INFO - Balance: $16.90 USDT
2025-11-12 09:10:12 - __main__ - INFO - Daily PnL: $-0.43 (-2.48%)
2025-11-12 09:10:12 - __main__ - INFO - Daily Trades: 0
2025-11-12 09:10:12 - __main__ - INFO - Total Trades: 16
2025-11-12 09:10:12 - __main__ - INFO - Win Rate: 56.2%
2025-11-12 09:10:12 - __main__ - INFO - Drawdown: 2.48%
2025-11-12 09:10:12 - __main__ - INFO - ------------------------------------------------------------
2025-11-12 09:10:12 - __main__ - INFO - Active Positions: 4
2025-11-12 09:10:12 - __main__ - INFO -   SOLUSDT: SHORT | Entry: $154.76 | Current: $154.85 | PnL: -0.06% | TP: 0/1
2025-11-12 09:10:12 - __main__ - INFO -   XRPUSDT: SHORT | Entry: $2.39 | Current: $2.39 | PnL: -0.29% | TP: 0/1
2025-11-12 09:10:12 - __main__ - INFO -   INJUSDT: SHORT | Entry: $7.57 | Current: $7.56 | PnL: +0.16% | TP: 0/1
2025-11-12 09:10:12 - __main__ - INFO -   ROSEUSDT: LONG | Entry: $0.02 | Current: $0.02 | PnL: +0.23% | TP: 0/1
2025-11-12 09:10:12 - __main__ - INFO - ============================================================
2025-11-12 09:10:12 - __main__ - INFO - Waiting 60 seconds...
2025-11-12 09:11:14 - __main__ - INFO - Waiting 60 seconds...
2025-11-12 09:12:17 - __main__ - INFO - Waiting 60 seconds...
2025-11-12 09:13:20 - __main__ - INFO - Waiting 60 seconds...
2025-11-12 09:14:22 - __main__ - INFO - Waiting 60 seconds...
2025-11-12 09:15:24 - __main__ - INFO - INJUSDT: SHORT signal (strength: 40, valid: True) - Strong downtrend (EMA alignment), Price below SAR, AO bearish
2025-11-12 09:15:25 - __main__ - INFO - INJUSDT: Cannot open position - Already have open position in INJUSDT
2025-11-12 09:15:26 - __main__ - INFO - ============================================================
2025-11-12 09:15:26 - __main__ - INFO - Bot Status - Iteration #500
2025-11-12 09:15:26 - __main__ - INFO - Time: 2025-11-12 09:15:26
2025-11-12 09:15:26 - __main__ - INFO - ------------------------------------------------------------
2025-11-12 09:15:26 - __main__ - INFO - Balance: $16.90 USDT
2025-11-12 09:15:26 - __main__ - INFO - Daily PnL: $-0.43 (-2.48%)
2025-11-12 09:15:26 - __main__ - INFO - Daily Trades: 0
2025-11-12 09:15:26 - __main__ - INFO - Total Trades: 16
2025-11-12 09:15:26 - __main__ - INFO - Win Rate: 56.2%
2025-11-12 09:15:26 - __main__ - INFO - Drawdown: 2.48%
2025-11-12 09:15:26 - __main__ - INFO - ------------------------------------------------------------
2025-11-12 09:15:26 - __main__ - INFO - Active Positions: 4
2025-11-12 09:15:26 - __main__ - INFO -   SOLUSDT: SHORT | Entry: $154.76 | Current: $154.97 | PnL: -0.14% | TP: 0/1
2025-11-12 09:15:26 - __main__ - INFO -   XRPUSDT: SHORT | Entry: $2.39 | Current: $2.39 | PnL: -0.29% | TP: 0/1
2025-11-12 09:15:26 - __main__ - INFO -   INJUSDT: SHORT | Entry: $7.57 | Current: $7.58 | PnL: -0.08% | TP: 0/1
2025-11-12 09:15:26 - __main__ - INFO -   ROSEUSDT: LONG | Entry: $0.02 | Current: $0.02 | PnL: +0.32% | TP: 0/1
2025-11-12 09:15:26 - __main__ - INFO - ============================================================
2025-11-12 09:15:26 - __main__ - INFO - Waiting 60 seconds...
2025-11-12 09:16:29 - __main__ - INFO - Waiting 60 seconds...
2025-11-12 09:17:32 - __main__ - INFO - Waiting 60 seconds...
2025-11-12 09:18:33 - __main__ - INFO - BNBUSDT: SHORT signal (strength: 40, valid: True) - Strong downtrend (EMA alignment), Price below SAR, AO bearish
2025-11-12 09:18:35 - __main__ - INFO - BNBUSDT: Opening SHORT position...
2025-11-12 09:18:35 - __main__ - WARNING - BNBUSDT: Failed to open position - Position size too small (min notional: $5.0)
2025-11-12 09:18:35 - __main__ - INFO - Waiting 60 seconds...
2025-11-12 09:19:38 - __main__ - INFO - Waiting 60 seconds...
2025-11-12 09:20:42 - __main__ - INFO - ============================================================
2025-11-12 09:20:42 - __main__ - INFO - Bot Status - Iteration #505
2025-11-12 09:20:42 - __main__ - INFO - Time: 2025-11-12 09:20:42
2025-11-12 09:20:42 - __main__ - INFO - ------------------------------------------------------------
2025-11-12 09:20:42 - __main__ - INFO - Balance: $16.90 USDT
2025-11-12 09:20:42 - __main__ - INFO - Daily PnL: $-0.43 (-2.48%)
2025-11-12 09:20:42 - __main__ - INFO - Daily Trades: 0
2025-11-12 09:20:42 - __main__ - INFO - Total Trades: 16
2025-11-12 09:20:42 - __main__ - INFO - Win Rate: 56.2%
2025-11-12 09:20:42 - __main__ - INFO - Drawdown: 2.48%
2025-11-12 09:20:42 - __main__ - INFO - ------------------------------------------------------------
2025-11-12 09:20:42 - __main__ - INFO - Active Positions: 4
2025-11-12 09:20:42 - __main__ - INFO -   SOLUSDT: SHORT | Entry: $154.76 | Current: $155.28 | PnL: -0.34% | TP: 0/1
2025-11-12 09:20:42 - __main__ - INFO -   XRPUSDT: SHORT | Entry: $2.39 | Current: $2.40 | PnL: -0.53% | TP: 0/1
2025-11-12 09:20:42 - __main__ - INFO -   INJUSDT: SHORT | Entry: $7.57 | Current: $7.63 | PnL: -0.77% | TP: 0/1
2025-11-12 09:20:42 - __main__ - INFO -   ROSEUSDT: LONG | Entry: $0.02 | Current: $0.02 | PnL: +0.56% | TP: 0/1
2025-11-12 09:20:42 - __main__ - INFO - ============================================================
2025-11-12 09:20:42 - __main__ - INFO - Waiting 60 seconds...
2025-11-12 09:21:44 - __main__ - INFO - ROSEUSDT: TP1 hit! Closed 100% | PnL: $0.10 (1.20%)
2025-11-12 09:21:46 - __main__ - INFO - Waiting 60 seconds...
2025-11-12 09:22:48 - __main__ - INFO - Waiting 60 seconds...
2025-11-12 09:23:51 - __main__ - INFO - Waiting 60 seconds...
2025-11-12 09:24:54 - __main__ - INFO - Waiting 60 seconds...
2025-11-12 09:25:56 - __main__ - WARNING - XRPUSDT: Stop loss hit | PnL: $-0.07 (-0.86%)
2025-11-12 09:25:58 - __main__ - INFO - ============================================================
2025-11-12 09:25:58 - __main__ - INFO - Bot Status - Iteration #510
2025-11-12 09:25:58 - __main__ - INFO - Time: 2025-11-12 09:25:58
2025-11-12 09:25:58 - __main__ - INFO - ------------------------------------------------------------
2025-11-12 09:25:58 - __main__ - INFO - Balance: $16.91 USDT
2025-11-12 09:25:58 - __main__ - INFO - Daily PnL: $-0.41 (-2.39%)
2025-11-12 09:25:58 - __main__ - INFO - Daily Trades: 0
2025-11-12 09:25:58 - __main__ - INFO - Total Trades: 18
2025-11-12 09:25:58 - __main__ - INFO - Win Rate: 55.6%
2025-11-12 09:25:58 - __main__ - INFO - Drawdown: 2.39%
2025-11-12 09:25:58 - __main__ - INFO - ------------------------------------------------------------
2025-11-12 09:25:58 - __main__ - INFO - Active Positions: 2
2025-11-12 09:25:58 - __main__ - INFO -   SOLUSDT: SHORT | Entry: $154.76 | Current: $155.54 | PnL: -0.50% | TP: 0/1
2025-11-12 09:25:58 - __main__ - INFO -   INJUSDT: SHORT | Entry: $7.57 | Current: $7.66 | PnL: -1.08% | TP: 0/1
2025-11-12 09:25:58 - __main__ - INFO - ============================================================
2025-11-12 09:25:58 - __main__ - INFO - Waiting 60 seconds...
2025-11-12 09:27:03 - __main__ - INFO - Waiting 60 seconds...
2025-11-12 09:28:06 - __main__ - INFO - Waiting 60 seconds...
2025-11-12 09:29:53 - __main__ - INFO - Waiting 60 seconds...
2025-11-12 09:30:57 - __main__ - INFO - Waiting 60 seconds...
2025-11-12 09:32:14 - __main__ - INFO - ============================================================
2025-11-12 09:32:14 - __main__ - INFO - Bot Status - Iteration #515
2025-11-12 09:32:14 - __main__ - INFO - Time: 2025-11-12 09:32:14
2025-11-12 09:32:14 - __main__ - INFO - ------------------------------------------------------------
2025-11-12 09:32:14 - __main__ - INFO - Balance: $16.91 USDT
2025-11-12 09:32:14 - __main__ - INFO - Daily PnL: $-0.41 (-2.39%)
2025-11-12 09:32:14 - __main__ - INFO - Daily Trades: 0
2025-11-12 09:32:14 - __main__ - INFO - Total Trades: 18
2025-11-12 09:32:14 - __main__ - INFO - Win Rate: 55.6%
2025-11-12 09:32:14 - __main__ - INFO - Drawdown: 2.39%
2025-11-12 09:32:14 - __main__ - INFO - ------------------------------------------------------------
2025-11-12 09:32:14 - __main__ - INFO - Active Positions: 2
2025-11-12 09:32:14 - __main__ - INFO -   SOLUSDT: SHORT | Entry: $154.76 | Current: $155.40 | PnL: -0.41% | TP: 0/1
2025-11-12 09:32:14 - __main__ - INFO -   INJUSDT: SHORT | Entry: $7.57 | Current: $7.62 | PnL: -0.62% | TP: 0/1
2025-11-12 09:32:14 - __main__ - INFO - ============================================================
2025-11-12 09:32:14 - __main__ - INFO - Waiting 60 seconds...
2025-11-12 09:33:20 - __main__ - INFO - Waiting 60 seconds...
2025-11-12 09:35:01 - __main__ - INFO - BNBUSDT: SHORT signal (strength: 40, valid: True) - Strong downtrend (EMA alignment), Price below SAR, AO bearish
2025-11-12 09:35:04 - __main__ - INFO - BNBUSDT: Opening SHORT position...
2025-11-12 09:35:04 - __main__ - WARNING - BNBUSDT: Failed to open position - Position size too small (min notional: $5.0)
2025-11-12 09:35:04 - __main__ - INFO - Waiting 60 seconds...
2025-11-12 09:36:22 - __main__ - INFO - Waiting 60 seconds...
2025-11-12 09:37:49 - __main__ - INFO - Waiting 60 seconds...
2025-11-12 09:39:04 - __main__ - INFO - ============================================================
2025-11-12 09:39:04 - __main__ - INFO - Bot Status - Iteration #520
2025-11-12 09:39:04 - __main__ - INFO - Time: 2025-11-12 09:39:04
2025-11-12 09:39:04 - __main__ - INFO - ------------------------------------------------------------
2025-11-12 09:39:04 - __main__ - INFO - Balance: $16.91 USDT
2025-11-12 09:39:04 - __main__ - INFO - Daily PnL: $-0.41 (-2.39%)
2025-11-12 09:39:04 - __main__ - INFO - Daily Trades: 0
2025-11-12 09:39:04 - __main__ - INFO - Total Trades: 18
2025-11-12 09:39:04 - __main__ - INFO - Win Rate: 55.6%
2025-11-12 09:39:04 - __main__ - INFO - Drawdown: 2.39%
2025-11-12 09:39:04 - __main__ - INFO - ------------------------------------------------------------
2025-11-12 09:39:04 - __main__ - INFO - Active Positions: 2
2025-11-12 09:39:04 - __main__ - INFO -   SOLUSDT: SHORT | Entry: $154.76 | Current: $155.36 | PnL: -0.39% | TP: 0/1
2025-11-12 09:39:04 - __main__ - INFO -   INJUSDT: SHORT | Entry: $7.57 | Current: $7.59 | PnL: -0.24% | TP: 0/1
2025-11-12 09:39:04 - __main__ - INFO - ============================================================
2025-11-12 09:39:04 - __main__ - INFO - Waiting 60 seconds...
2025-11-12 09:40:07 - __main__ - INFO - Waiting 60 seconds...
2025-11-12 09:41:11 - __main__ - INFO - Waiting 60 seconds...
2025-11-12 09:42:14 - __main__ - INFO - Waiting 60 seconds...
2025-11-12 09:43:17 - __main__ - INFO - Waiting 60 seconds...
2025-11-12 09:44:20 - __main__ - INFO - ============================================================
2025-11-12 09:44:20 - __main__ - INFO - Bot Status - Iteration #525
2025-11-12 09:44:20 - __main__ - INFO - Time: 2025-11-12 09:44:20
2025-11-12 09:44:20 - __main__ - INFO - ------------------------------------------------------------
2025-11-12 09:44:20 - __main__ - INFO - Balance: $16.91 USDT
2025-11-12 09:44:20 - __main__ - INFO - Daily PnL: $-0.41 (-2.39%)
2025-11-12 09:44:20 - __main__ - INFO - Daily Trades: 0
2025-11-12 09:44:20 - __main__ - INFO - Total Trades: 18
2025-11-12 09:44:20 - __main__ - INFO - Win Rate: 55.6%
2025-11-12 09:44:20 - __main__ - INFO - Drawdown: 2.39%
2025-11-12 09:44:20 - __main__ - INFO - ------------------------------------------------------------
2025-11-12 09:44:20 - __main__ - INFO - Active Positions: 2
2025-11-12 09:44:20 - __main__ - INFO -   SOLUSDT: SHORT | Entry: $154.76 | Current: $155.67 | PnL: -0.59% | TP: 0/1
2025-11-12 09:44:20 - __main__ - INFO -   INJUSDT: SHORT | Entry: $7.57 | Current: $7.62 | PnL: -0.57% | TP: 0/1
2025-11-12 09:44:20 - __main__ - INFO - ============================================================
2025-11-12 09:44:20 - __main__ - INFO - Waiting 60 seconds...
